,EdinetID,Term,Value,Context,Type,PeriodOrInstant,IsConsolidated,Src
0,E02272,numberofsubmissiondei,1,FilingDateInstant,Instant,2015-08-06,na,https://disclosure.edinet-fsa.go.jp/E01EW/download?uji.verb=W0EZA104CXP001006BLogic&uji.bean=ee.bean.parent.EECommonSearchBean&no=S1005L10&amp;lgKbn=2&/E01EW/download?1462603952015
1,E02272,netsalessummaryofbusinessresults,167013000000,Prior1YTDDuration,Duration,2014-04-01:2014-06-30,na,https://disclosure.edinet-fsa.go.jp/E01EW/download?uji.verb=W0EZA104CXP001006BLogic&uji.bean=ee.bean.parent.EECommonSearchBean&no=S1005L10&amp;lgKbn=2&/E01EW/download?1462603952015
2,E02272,netsalessummaryofbusinessresults,187572000000,CurrentYTDDuration,Duration,2015-04-01:2015-06-30,na,https://disclosure.edinet-fsa.go.jp/E01EW/download?uji.verb=W0EZA104CXP001006BLogic&uji.bean=ee.bean.parent.EECommonSearchBean&no=S1005L10&amp;lgKbn=2&/E01EW/download?1462603952015
3,E02272,netsalessummaryofbusinessresults,764671000000,Prior1YearDuration,Duration,2014-04-01:2015-03-31,na,https://disclosure.edinet-fsa.go.jp/E01EW/download?uji.verb=W0EZA104CXP001006BLogic&uji.bean=ee.bean.parent.EECommonSearchBean&no=S1005L10&amp;lgKbn=2&/E01EW/download?1462603952015
4,E02272,ordinaryincomelosssummaryofbusinessresults,11155000000,Prior1YTDDuration,Duration,2014-04-01:2014-06-30,na,https://disclosure.edinet-fsa.go.jp/E01EW/download?uji.verb=W0EZA104CXP001006BLogic&uji.bean=ee.bean.parent.EECommonSearchBean&no=S1005L10&amp;lgKbn=2&/E01EW/download?1462603952015
5,E02272,ordinaryincomelosssummaryofbusinessresults,16679000000,CurrentYTDDuration,Duration,2015-04-01:2015-06-30,na,https://disclosure.edinet-fsa.go.jp/E01EW/download?uji.verb=W0EZA104CXP001006BLogic&uji.bean=ee.bean.parent.EECommonSearchBean&no=S1005L10&amp;lgKbn=2&/E01EW/download?1462603952015
6,E02272,ordinaryincomelosssummaryofbusinessresults,72782000000,Prior1YearDuration,Duration,2014-04-01:2015-03-31,na,https://disclosure.edinet-fsa.go.jp/E01EW/download?uji.verb=W0EZA104CXP001006BLogic&uji.bean=ee.bean.parent.EECommonSearchBean&no=S1005L10&amp;lgKbn=2&/E01EW/download?1462603952015
7,E02272,profitlossattributabletoownersofparentsummaryofbusinessresults,8141000000,Prior1YTDDuration,Duration,2014-04-01:2014-06-30,na,https://disclosure.edinet-fsa.go.jp/E01EW/download?uji.verb=W0EZA104CXP001006BLogic&uji.bean=ee.bean.parent.EECommonSearchBean&no=S1005L10&amp;lgKbn=2&/E01EW/download?1462603952015
8,E02272,profitlossattributabletoownersofparentsummaryofbusinessresults,16734000000,CurrentYTDDuration,Duration,2015-04-01:2015-06-30,na,https://disclosure.edinet-fsa.go.jp/E01EW/download?uji.verb=W0EZA104CXP001006BLogic&uji.bean=ee.bean.parent.EECommonSearchBean&no=S1005L10&amp;lgKbn=2&/E01EW/download?1462603952015
9,E02272,comprehensiveincomesummaryofbusinessresults,2693000000,Prior1YTDDuration,Duration,2014-04-01:2014-06-30,na,https://disclosure.edinet-fsa.go.jp/E01EW/download?uji.verb=W0EZA104CXP001006BLogic&uji.bean=ee.bean.parent.EECommonSearchBean&no=S1005L10&amp;lgKbn=2&/E01EW/download?1462603952015
10,E02272,comprehensiveincomesummaryofbusinessresults,30991000000,CurrentYTDDuration,Duration,2015-04-01:2015-06-30,na,https://disclosure.edinet-fsa.go.jp/E01EW/download?uji.verb=W0EZA104CXP001006BLogic&uji.bean=ee.bean.parent.EECommonSearchBean&no=S1005L10&amp;lgKbn=2&/E01EW/download?1462603952015
11,E02272,comprehensiveincomesummaryofbusinessresults,25800000000,Prior1YearDuration,Duration,2014-04-01:2015-03-31,na,https://disclosure.edinet-fsa.go.jp/E01EW/download?uji.verb=W0EZA104CXP001006BLogic&uji.bean=ee.bean.parent.EECommonSearchBean&no=S1005L10&amp;lgKbn=2&/E01EW/download?1462603952015
12,E02272,netassetssummaryofbusinessresults,334019000000,Prior1QuarterInstant,Instant,2014-06-30,na,https://disclosure.edinet-fsa.go.jp/E01EW/download?uji.verb=W0EZA104CXP001006BLogic&uji.bean=ee.bean.parent.EECommonSearchBean&no=S1005L10&amp;lgKbn=2&/E01EW/download?1462603952015
13,E02272,netassetssummaryofbusinessresults,384741000000,CurrentQuarterInstant,Instant,2015-06-30,na,https://disclosure.edinet-fsa.go.jp/E01EW/download?uji.verb=W0EZA104CXP001006BLogic&uji.bean=ee.bean.parent.EECommonSearchBean&no=S1005L10&amp;lgKbn=2&/E01EW/download?1462603952015
14,E02272,netassetssummaryofbusinessresults,357254000000,Prior1YearInstant,Instant,2015-03-31,na,https://disclosure.edinet-fsa.go.jp/E01EW/download?uji.verb=W0EZA104CXP001006BLogic&uji.bean=ee.bean.parent.EECommonSearchBean&no=S1005L10&amp;lgKbn=2&/E01EW/download?1462603952015
15,E02272,totalassetssummaryofbusinessresults,1007452000000,Prior1QuarterInstant,Instant,2014-06-30,na,https://disclosure.edinet-fsa.go.jp/E01EW/download?uji.verb=W0EZA104CXP001006BLogic&uji.bean=ee.bean.parent.EECommonSearchBean&no=S1005L10&amp;lgKbn=2&/E01EW/download?1462603952015
16,E02272,totalassetssummaryofbusinessresults,1105773000000,CurrentQuarterInstant,Instant,2015-06-30,na,https://disclosure.edinet-fsa.go.jp/E01EW/download?uji.verb=W0EZA104CXP001006BLogic&uji.bean=ee.bean.parent.EECommonSearchBean&no=S1005L10&amp;lgKbn=2&/E01EW/download?1462603952015
17,E02272,totalassetssummaryofbusinessresults,1081551000000,Prior1YearInstant,Instant,2015-03-31,na,https://disclosure.edinet-fsa.go.jp/E01EW/download?uji.verb=W0EZA104CXP001006BLogic&uji.bean=ee.bean.parent.EECommonSearchBean&no=S1005L10&amp;lgKbn=2&/E01EW/download?1462603952015
18,E02272,cashanddeposits,209875000000,Prior1YearInstant,Instant,2015-03-31,na,https://disclosure.edinet-fsa.go.jp/E01EW/download?uji.verb=W0EZA104CXP001006BLogic&uji.bean=ee.bean.parent.EECommonSearchBean&no=S1005L10&amp;lgKbn=2&/E01EW/download?1462603952015
19,E02272,cashanddeposits,224208000000,CurrentQuarterInstant,Instant,2015-06-30,na,https://disclosure.edinet-fsa.go.jp/E01EW/download?uji.verb=W0EZA104CXP001006BLogic&uji.bean=ee.bean.parent.EECommonSearchBean&no=S1005L10&amp;lgKbn=2&/E01EW/download?1462603952015
20,E02272,notesandaccountsreceivabletrade,148127000000,Prior1YearInstant,Instant,2015-03-31,na,https://disclosure.edinet-fsa.go.jp/E01EW/download?uji.verb=W0EZA104CXP001006BLogic&uji.bean=ee.bean.parent.EECommonSearchBean&no=S1005L10&amp;lgKbn=2&/E01EW/download?1462603952015
21,E02272,notesandaccountsreceivabletrade,135096000000,CurrentQuarterInstant,Instant,2015-06-30,na,https://disclosure.edinet-fsa.go.jp/E01EW/download?uji.verb=W0EZA104CXP001006BLogic&uji.bean=ee.bean.parent.EECommonSearchBean&no=S1005L10&amp;lgKbn=2&/E01EW/download?1462603952015
22,E02272,merchandiseandfinishedgoods,57179000000,Prior1YearInstant,Instant,2015-03-31,na,https://disclosure.edinet-fsa.go.jp/E01EW/download?uji.verb=W0EZA104CXP001006BLogic&uji.bean=ee.bean.parent.EECommonSearchBean&no=S1005L10&amp;lgKbn=2&/E01EW/download?1462603952015
23,E02272,merchandiseandfinishedgoods,58814000000,CurrentQuarterInstant,Instant,2015-06-30,na,https://disclosure.edinet-fsa.go.jp/E01EW/download?uji.verb=W0EZA104CXP001006BLogic&uji.bean=ee.bean.parent.EECommonSearchBean&no=S1005L10&amp;lgKbn=2&/E01EW/download?1462603952015
24,E02272,workinprocess,24585000000,Prior1YearInstant,Instant,2015-03-31,na,https://disclosure.edinet-fsa.go.jp/E01EW/download?uji.verb=W0EZA104CXP001006BLogic&uji.bean=ee.bean.parent.EECommonSearchBean&no=S1005L10&amp;lgKbn=2&/E01EW/download?1462603952015
25,E02272,workinprocess,25611000000,CurrentQuarterInstant,Instant,2015-06-30,na,https://disclosure.edinet-fsa.go.jp/E01EW/download?uji.verb=W0EZA104CXP001006BLogic&uji.bean=ee.bean.parent.EECommonSearchBean&no=S1005L10&amp;lgKbn=2&/E01EW/download?1462603952015
26,E02272,rawmaterialsandsupplies,25623000000,Prior1YearInstant,Instant,2015-03-31,na,https://disclosure.edinet-fsa.go.jp/E01EW/download?uji.verb=W0EZA104CXP001006BLogic&uji.bean=ee.bean.parent.EECommonSearchBean&no=S1005L10&amp;lgKbn=2&/E01EW/download?1462603952015
27,E02272,rawmaterialsandsupplies,28107000000,CurrentQuarterInstant,Instant,2015-06-30,na,https://disclosure.edinet-fsa.go.jp/E01EW/download?uji.verb=W0EZA104CXP001006BLogic&uji.bean=ee.bean.parent.EECommonSearchBean&no=S1005L10&amp;lgKbn=2&/E01EW/download?1462603952015
28,E02272,otherca,116408000000,Prior1YearInstant,Instant,2015-03-31,na,https://disclosure.edinet-fsa.go.jp/E01EW/download?uji.verb=W0EZA104CXP001006BLogic&uji.bean=ee.bean.parent.EECommonSearchBean&no=S1005L10&amp;lgKbn=2&/E01EW/download?1462603952015
29,E02272,otherca,122094000000,CurrentQuarterInstant,Instant,2015-06-30,na,https://disclosure.edinet-fsa.go.jp/E01EW/download?uji.verb=W0EZA104CXP001006BLogic&uji.bean=ee.bean.parent.EECommonSearchBean&no=S1005L10&amp;lgKbn=2&/E01EW/download?1462603952015
30,E02272,currentassets,577528000000,Prior1YearInstant,Instant,2015-03-31,na,https://disclosure.edinet-fsa.go.jp/E01EW/download?uji.verb=W0EZA104CXP001006BLogic&uji.bean=ee.bean.parent.EECommonSearchBean&no=S1005L10&amp;lgKbn=2&/E01EW/download?1462603952015
31,E02272,currentassets,589307000000,CurrentQuarterInstant,Instant,2015-06-30,na,https://disclosure.edinet-fsa.go.jp/E01EW/download?uji.verb=W0EZA104CXP001006BLogic&uji.bean=ee.bean.parent.EECommonSearchBean&no=S1005L10&amp;lgKbn=2&/E01EW/download?1462603952015
32,E02272,buildingsandstructuresnet,48753000000,Prior1YearInstant,Instant,2015-03-31,na,https://disclosure.edinet-fsa.go.jp/E01EW/download?uji.verb=W0EZA104CXP001006BLogic&uji.bean=ee.bean.parent.EECommonSearchBean&no=S1005L10&amp;lgKbn=2&/E01EW/download?1462603952015
33,E02272,buildingsandstructuresnet,49483000000,CurrentQuarterInstant,Instant,2015-06-30,na,https://disclosure.edinet-fsa.go.jp/E01EW/download?uji.verb=W0EZA104CXP001006BLogic&uji.bean=ee.bean.parent.EECommonSearchBean&no=S1005L10&amp;lgKbn=2&/E01EW/download?1462603952015
34,E02272,machineryequipmentandvehiclesnet,11420000000,Prior1YearInstant,Instant,2015-03-31,na,https://disclosure.edinet-fsa.go.jp/E01EW/download?uji.verb=W0EZA104CXP001006BLogic&uji.bean=ee.bean.parent.EECommonSearchBean&no=S1005L10&amp;lgKbn=2&/E01EW/download?1462603952015
35,E02272,machineryequipmentandvehiclesnet,11372000000,CurrentQuarterInstant,Instant,2015-06-30,na,https://disclosure.edinet-fsa.go.jp/E01EW/download?uji.verb=W0EZA104CXP001006BLogic&uji.bean=ee.bean.parent.EECommonSearchBean&no=S1005L10&amp;lgKbn=2&/E01EW/download?1462603952015
36,E02272,toolsfurnitureandfixturesnet,59413000000,Prior1YearInstant,Instant,2015-03-31,na,https://disclosure.edinet-fsa.go.jp/E01EW/download?uji.verb=W0EZA104CXP001006BLogic&uji.bean=ee.bean.parent.EECommonSearchBean&no=S1005L10&amp;lgKbn=2&/E01EW/download?1462603952015
37,E02272,toolsfurnitureandfixturesnet,60256000000,CurrentQuarterInstant,Instant,2015-06-30,na,https://disclosure.edinet-fsa.go.jp/E01EW/download?uji.verb=W0EZA104CXP001006BLogic&uji.bean=ee.bean.parent.EECommonSearchBean&no=S1005L10&amp;lgKbn=2&/E01EW/download?1462603952015
38,E02272,land,16073000000,Prior1YearInstant,Instant,2015-03-31,na,https://disclosure.edinet-fsa.go.jp/E01EW/download?uji.verb=W0EZA104CXP001006BLogic&uji.bean=ee.bean.parent.EECommonSearchBean&no=S1005L10&amp;lgKbn=2&/E01EW/download?1462603952015
39,E02272,land,16764000000,CurrentQuarterInstant,Instant,2015-06-30,na,https://disclosure.edinet-fsa.go.jp/E01EW/download?uji.verb=W0EZA104CXP001006BLogic&uji.bean=ee.bean.parent.EECommonSearchBean&no=S1005L10&amp;lgKbn=2&/E01EW/download?1462603952015
40,E02272,leaseassetsnetppe,8891000000,Prior1YearInstant,Instant,2015-03-31,na,https://disclosure.edinet-fsa.go.jp/E01EW/download?uji.verb=W0EZA104CXP001006BLogic&uji.bean=ee.bean.parent.EECommonSearchBean&no=S1005L10&amp;lgKbn=2&/E01EW/download?1462603952015
41,E02272,leaseassetsnetppe,9631000000,CurrentQuarterInstant,Instant,2015-06-30,na,https://disclosure.edinet-fsa.go.jp/E01EW/download?uji.verb=W0EZA104CXP001006BLogic&uji.bean=ee.bean.parent.EECommonSearchBean&no=S1005L10&amp;lgKbn=2&/E01EW/download?1462603952015
42,E02272,constructioninprogress,5595000000,Prior1YearInstant,Instant,2015-03-31,na,https://disclosure.edinet-fsa.go.jp/E01EW/download?uji.verb=W0EZA104CXP001006BLogic&uji.bean=ee.bean.parent.EECommonSearchBean&no=S1005L10&amp;lgKbn=2&/E01EW/download?1462603952015
43,E02272,constructioninprogress,11816000000,CurrentQuarterInstant,Instant,2015-06-30,na,https://disclosure.edinet-fsa.go.jp/E01EW/download?uji.verb=W0EZA104CXP001006BLogic&uji.bean=ee.bean.parent.EECommonSearchBean&no=S1005L10&amp;lgKbn=2&/E01EW/download?1462603952015
44,E02272,propertyplantandequipment,150145000000,Prior1YearInstant,Instant,2015-03-31,na,https://disclosure.edinet-fsa.go.jp/E01EW/download?uji.verb=W0EZA104CXP001006BLogic&uji.bean=ee.bean.parent.EECommonSearchBean&no=S1005L10&amp;lgKbn=2&/E01EW/download?1462603952015
45,E02272,propertyplantandequipment,159322000000,CurrentQuarterInstant,Instant,2015-06-30,na,https://disclosure.edinet-fsa.go.jp/E01EW/download?uji.verb=W0EZA104CXP001006BLogic&uji.bean=ee.bean.parent.EECommonSearchBean&no=S1005L10&amp;lgKbn=2&/E01EW/download?1462603952015
46,E02272,goodwill,114025000000,Prior1YearInstant,Instant,2015-03-31,na,https://disclosure.edinet-fsa.go.jp/E01EW/download?uji.verb=W0EZA104CXP001006BLogic&uji.bean=ee.bean.parent.EECommonSearchBean&no=S1005L10&amp;lgKbn=2&/E01EW/download?1462603952015
47,E02272,goodwill,114301000000,CurrentQuarterInstant,Instant,2015-06-30,na,https://disclosure.edinet-fsa.go.jp/E01EW/download?uji.verb=W0EZA104CXP001006BLogic&uji.bean=ee.bean.parent.EECommonSearchBean&no=S1005L10&amp;lgKbn=2&/E01EW/download?1462603952015
48,E02272,otheria,66622000000,Prior1YearInstant,Instant,2015-03-31,na,https://disclosure.edinet-fsa.go.jp/E01EW/download?uji.verb=W0EZA104CXP001006BLogic&uji.bean=ee.bean.parent.EECommonSearchBean&no=S1005L10&amp;lgKbn=2&/E01EW/download?1462603952015
49,E02272,otheria,65583000000,CurrentQuarterInstant,Instant,2015-06-30,na,https://disclosure.edinet-fsa.go.jp/E01EW/download?uji.verb=W0EZA104CXP001006BLogic&uji.bean=ee.bean.parent.EECommonSearchBean&no=S1005L10&amp;lgKbn=2&/E01EW/download?1462603952015
50,E02272,intangibleassets,180647000000,Prior1YearInstant,Instant,2015-03-31,na,https://disclosure.edinet-fsa.go.jp/E01EW/download?uji.verb=W0EZA104CXP001006BLogic&uji.bean=ee.bean.parent.EECommonSearchBean&no=S1005L10&amp;lgKbn=2&/E01EW/download?1462603952015
51,E02272,intangibleassets,179884000000,CurrentQuarterInstant,Instant,2015-06-30,na,https://disclosure.edinet-fsa.go.jp/E01EW/download?uji.verb=W0EZA104CXP001006BLogic&uji.bean=ee.bean.parent.EECommonSearchBean&no=S1005L10&amp;lgKbn=2&/E01EW/download?1462603952015
52,E02272,investmentsecurities,72263000000,Prior1YearInstant,Instant,2015-03-31,na,https://disclosure.edinet-fsa.go.jp/E01EW/download?uji.verb=W0EZA104CXP001006BLogic&uji.bean=ee.bean.parent.EECommonSearchBean&no=S1005L10&amp;lgKbn=2&/E01EW/download?1462603952015
53,E02272,investmentsecurities,71491000000,CurrentQuarterInstant,Instant,2015-06-30,na,https://disclosure.edinet-fsa.go.jp/E01EW/download?uji.verb=W0EZA104CXP001006BLogic&uji.bean=ee.bean.parent.EECommonSearchBean&no=S1005L10&amp;lgKbn=2&/E01EW/download?1462603952015
54,E02272,otherioa,110524000000,Prior1YearInstant,Instant,2015-03-31,na,https://disclosure.edinet-fsa.go.jp/E01EW/download?uji.verb=W0EZA104CXP001006BLogic&uji.bean=ee.bean.parent.EECommonSearchBean&no=S1005L10&amp;lgKbn=2&/E01EW/download?1462603952015
55,E02272,otherioa,115353000000,CurrentQuarterInstant,Instant,2015-06-30,na,https://disclosure.edinet-fsa.go.jp/E01EW/download?uji.verb=W0EZA104CXP001006BLogic&uji.bean=ee.bean.parent.EECommonSearchBean&no=S1005L10&amp;lgKbn=2&/E01EW/download?1462603952015
56,E02272,investmentsandotherassets,173231000000,Prior1YearInstant,Instant,2015-03-31,na,https://disclosure.edinet-fsa.go.jp/E01EW/download?uji.verb=W0EZA104CXP001006BLogic&uji.bean=ee.bean.parent.EECommonSearchBean&no=S1005L10&amp;lgKbn=2&/E01EW/download?1462603952015
57,E02272,investmentsandotherassets,177260000000,CurrentQuarterInstant,Instant,2015-06-30,na,https://disclosure.edinet-fsa.go.jp/E01EW/download?uji.verb=W0EZA104CXP001006BLogic&uji.bean=ee.bean.parent.EECommonSearchBean&no=S1005L10&amp;lgKbn=2&/E01EW/download?1462603952015
58,E02272,noncurrentassets,504023000000,Prior1YearInstant,Instant,2015-03-31,na,https://disclosure.edinet-fsa.go.jp/E01EW/download?uji.verb=W0EZA104CXP001006BLogic&uji.bean=ee.bean.parent.EECommonSearchBean&no=S1005L10&amp;lgKbn=2&/E01EW/download?1462603952015
59,E02272,noncurrentassets,516466000000,CurrentQuarterInstant,Instant,2015-06-30,na,https://disclosure.edinet-fsa.go.jp/E01EW/download?uji.verb=W0EZA104CXP001006BLogic&uji.bean=ee.bean.parent.EECommonSearchBean&no=S1005L10&amp;lgKbn=2&/E01EW/download?1462603952015
60,E02272,assets,1081551000000,Prior1YearInstant,Instant,2015-03-31,na,https://disclosure.edinet-fsa.go.jp/E01EW/download?uji.verb=W0EZA104CXP001006BLogic&uji.bean=ee.bean.parent.EECommonSearchBean&no=S1005L10&amp;lgKbn=2&/E01EW/download?1462603952015
61,E02272,assets,1105773000000,CurrentQuarterInstant,Instant,2015-06-30,na,https://disclosure.edinet-fsa.go.jp/E01EW/download?uji.verb=W0EZA104CXP001006BLogic&uji.bean=ee.bean.parent.EECommonSearchBean&no=S1005L10&amp;lgKbn=2&/E01EW/download?1462603952015
62,E02272,notesandaccountspayabletrade,39155000000,Prior1YearInstant,Instant,2015-03-31,na,https://disclosure.edinet-fsa.go.jp/E01EW/download?uji.verb=W0EZA104CXP001006BLogic&uji.bean=ee.bean.parent.EECommonSearchBean&no=S1005L10&amp;lgKbn=2&/E01EW/download?1462603952015
63,E02272,notesandaccountspayabletrade,39835000000,CurrentQuarterInstant,Instant,2015-06-30,na,https://disclosure.edinet-fsa.go.jp/E01EW/download?uji.verb=W0EZA104CXP001006BLogic&uji.bean=ee.bean.parent.EECommonSearchBean&no=S1005L10&amp;lgKbn=2&/E01EW/download?1462603952015
64,E02272,shorttermloanspayable,101135000000,Prior1YearInstant,Instant,2015-03-31,na,https://disclosure.edinet-fsa.go.jp/E01EW/download?uji.verb=W0EZA104CXP001006BLogic&uji.bean=ee.bean.parent.EECommonSearchBean&no=S1005L10&amp;lgKbn=2&/E01EW/download?1462603952015
65,E02272,shorttermloanspayable,95940000000,CurrentQuarterInstant,Instant,2015-06-30,na,https://disclosure.edinet-fsa.go.jp/E01EW/download?uji.verb=W0EZA104CXP001006BLogic&uji.bean=ee.bean.parent.EECommonSearchBean&no=S1005L10&amp;lgKbn=2&/E01EW/download?1462603952015
66,E02272,incometaxespayable,12612000000,Prior1YearInstant,Instant,2015-03-31,na,https://disclosure.edinet-fsa.go.jp/E01EW/download?uji.verb=W0EZA104CXP001006BLogic&uji.bean=ee.bean.parent.EECommonSearchBean&no=S1005L10&amp;lgKbn=2&/E01EW/download?1462603952015
67,E02272,incometaxespayable,4704000000,CurrentQuarterInstant,Instant,2015-06-30,na,https://disclosure.edinet-fsa.go.jp/E01EW/download?uji.verb=W0EZA104CXP001006BLogic&uji.bean=ee.bean.parent.EECommonSearchBean&no=S1005L10&amp;lgKbn=2&/E01EW/download?1462603952015
68,E02272,provisionforproductwarranties,5116000000,Prior1YearInstant,Instant,2015-03-31,na,https://disclosure.edinet-fsa.go.jp/E01EW/download?uji.verb=W0EZA104CXP001006BLogic&uji.bean=ee.bean.parent.EECommonSearchBean&no=S1005L10&amp;lgKbn=2&/E01EW/download?1462603952015
69,E02272,provisionforproductwarranties,5275000000,CurrentQuarterInstant,Instant,2015-06-30,na,https://disclosure.edinet-fsa.go.jp/E01EW/download?uji.verb=W0EZA104CXP001006BLogic&uji.bean=ee.bean.parent.EECommonSearchBean&no=S1005L10&amp;lgKbn=2&/E01EW/download?1462603952015
70,E02272,provisionforlossonbusinessliquidationcl,481000000,Prior1YearInstant,Instant,2015-03-31,na,https://disclosure.edinet-fsa.go.jp/E01EW/download?uji.verb=W0EZA104CXP001006BLogic&uji.bean=ee.bean.parent.EECommonSearchBean&no=S1005L10&amp;lgKbn=2&/E01EW/download?1462603952015
71,E02272,provisionforlossonbusinessliquidationcl,461000000,CurrentQuarterInstant,Instant,2015-06-30,na,https://disclosure.edinet-fsa.go.jp/E01EW/download?uji.verb=W0EZA104CXP001006BLogic&uji.bean=ee.bean.parent.EECommonSearchBean&no=S1005L10&amp;lgKbn=2&/E01EW/download?1462603952015
72,E02272,provisionforlossonlitigationcl,11000000000,Prior1YearInstant,Instant,2015-03-31,na,https://disclosure.edinet-fsa.go.jp/E01EW/download?uji.verb=W0EZA104CXP001006BLogic&uji.bean=ee.bean.parent.EECommonSearchBean&no=S1005L10&amp;lgKbn=2&/E01EW/download?1462603952015
73,E02272,provisionforlossonlitigationcl,2305000000,CurrentQuarterInstant,Instant,2015-06-30,na,https://disclosure.edinet-fsa.go.jp/E01EW/download?uji.verb=W0EZA104CXP001006BLogic&uji.bean=ee.bean.parent.EECommonSearchBean&no=S1005L10&amp;lgKbn=2&/E01EW/download?1462603952015
74,E02272,provisionforlossonantikickbackstatutecl,58883000000,Prior1YearInstant,Instant,2015-03-31,na,https://disclosure.edinet-fsa.go.jp/E01EW/download?uji.verb=W0EZA104CXP001006BLogic&uji.bean=ee.bean.parent.EECommonSearchBean&no=S1005L10&amp;lgKbn=2&/E01EW/download?1462603952015
75,E02272,provisionforlossonantikickbackstatutecl,62443000000,CurrentQuarterInstant,Instant,2015-06-30,na,https://disclosure.edinet-fsa.go.jp/E01EW/download?uji.verb=W0EZA104CXP001006BLogic&uji.bean=ee.bean.parent.EECommonSearchBean&no=S1005L10&amp;lgKbn=2&/E01EW/download?1462603952015
76,E02272,othercl,146411000000,Prior1YearInstant,Instant,2015-03-31,na,https://disclosure.edinet-fsa.go.jp/E01EW/download?uji.verb=W0EZA104CXP001006BLogic&uji.bean=ee.bean.parent.EECommonSearchBean&no=S1005L10&amp;lgKbn=2&/E01EW/download?1462603952015
77,E02272,othercl,159822000000,CurrentQuarterInstant,Instant,2015-06-30,na,https://disclosure.edinet-fsa.go.jp/E01EW/download?uji.verb=W0EZA104CXP001006BLogic&uji.bean=ee.bean.parent.EECommonSearchBean&no=S1005L10&amp;lgKbn=2&/E01EW/download?1462603952015
78,E02272,currentliabilities,374793000000,Prior1YearInstant,Instant,2015-03-31,na,https://disclosure.edinet-fsa.go.jp/E01EW/download?uji.verb=W0EZA104CXP001006BLogic&uji.bean=ee.bean.parent.EECommonSearchBean&no=S1005L10&amp;lgKbn=2&/E01EW/download?1462603952015
79,E02272,currentliabilities,370785000000,CurrentQuarterInstant,Instant,2015-06-30,na,https://disclosure.edinet-fsa.go.jp/E01EW/download?uji.verb=W0EZA104CXP001006BLogic&uji.bean=ee.bean.parent.EECommonSearchBean&no=S1005L10&amp;lgKbn=2&/E01EW/download?1462603952015
80,E02272,bondspayable,55000000000,Prior1YearInstant,Instant,2015-03-31,na,https://disclosure.edinet-fsa.go.jp/E01EW/download?uji.verb=W0EZA104CXP001006BLogic&uji.bean=ee.bean.parent.EECommonSearchBean&no=S1005L10&amp;lgKbn=2&/E01EW/download?1462603952015
81,E02272,bondspayable,55000000000,CurrentQuarterInstant,Instant,2015-06-30,na,https://disclosure.edinet-fsa.go.jp/E01EW/download?uji.verb=W0EZA104CXP001006BLogic&uji.bean=ee.bean.parent.EECommonSearchBean&no=S1005L10&amp;lgKbn=2&/E01EW/download?1462603952015
82,E02272,longtermloanspayable,198286000000,Prior1YearInstant,Instant,2015-03-31,na,https://disclosure.edinet-fsa.go.jp/E01EW/download?uji.verb=W0EZA104CXP001006BLogic&uji.bean=ee.bean.parent.EECommonSearchBean&no=S1005L10&amp;lgKbn=2&/E01EW/download?1462603952015
83,E02272,longtermloanspayable,199338000000,CurrentQuarterInstant,Instant,2015-06-30,na,https://disclosure.edinet-fsa.go.jp/E01EW/download?uji.verb=W0EZA104CXP001006BLogic&uji.bean=ee.bean.parent.EECommonSearchBean&no=S1005L10&amp;lgKbn=2&/E01EW/download?1462603952015
84,E02272,netdefinedbenefitliability,38429000000,Prior1YearInstant,Instant,2015-03-31,na,https://disclosure.edinet-fsa.go.jp/E01EW/download?uji.verb=W0EZA104CXP001006BLogic&uji.bean=ee.bean.parent.EECommonSearchBean&no=S1005L10&amp;lgKbn=2&/E01EW/download?1462603952015
85,E02272,netdefinedbenefitliability,39280000000,CurrentQuarterInstant,Instant,2015-06-30,na,https://disclosure.edinet-fsa.go.jp/E01EW/download?uji.verb=W0EZA104CXP001006BLogic&uji.bean=ee.bean.parent.EECommonSearchBean&no=S1005L10&amp;lgKbn=2&/E01EW/download?1462603952015
86,E02272,otherprovisionncl,34000000,Prior1YearInstant,Instant,2015-03-31,na,https://disclosure.edinet-fsa.go.jp/E01EW/download?uji.verb=W0EZA104CXP001006BLogic&uji.bean=ee.bean.parent.EECommonSearchBean&no=S1005L10&amp;lgKbn=2&/E01EW/download?1462603952015
87,E02272,otherprovisionncl,36000000,CurrentQuarterInstant,Instant,2015-06-30,na,https://disclosure.edinet-fsa.go.jp/E01EW/download?uji.verb=W0EZA104CXP001006BLogic&uji.bean=ee.bean.parent.EECommonSearchBean&no=S1005L10&amp;lgKbn=2&/E01EW/download?1462603952015
88,E02272,otherncl,57755000000,Prior1YearInstant,Instant,2015-03-31,na,https://disclosure.edinet-fsa.go.jp/E01EW/download?uji.verb=W0EZA104CXP001006BLogic&uji.bean=ee.bean.parent.EECommonSearchBean&no=S1005L10&amp;lgKbn=2&/E01EW/download?1462603952015
89,E02272,otherncl,56593000000,CurrentQuarterInstant,Instant,2015-06-30,na,https://disclosure.edinet-fsa.go.jp/E01EW/download?uji.verb=W0EZA104CXP001006BLogic&uji.bean=ee.bean.parent.EECommonSearchBean&no=S1005L10&amp;lgKbn=2&/E01EW/download?1462603952015
90,E02272,noncurrentliabilities,349504000000,Prior1YearInstant,Instant,2015-03-31,na,https://disclosure.edinet-fsa.go.jp/E01EW/download?uji.verb=W0EZA104CXP001006BLogic&uji.bean=ee.bean.parent.EECommonSearchBean&no=S1005L10&amp;lgKbn=2&/E01EW/download?1462603952015
91,E02272,noncurrentliabilities,350247000000,CurrentQuarterInstant,Instant,2015-06-30,na,https://disclosure.edinet-fsa.go.jp/E01EW/download?uji.verb=W0EZA104CXP001006BLogic&uji.bean=ee.bean.parent.EECommonSearchBean&no=S1005L10&amp;lgKbn=2&/E01EW/download?1462603952015
92,E02272,liabilities,724297000000,Prior1YearInstant,Instant,2015-03-31,na,https://disclosure.edinet-fsa.go.jp/E01EW/download?uji.verb=W0EZA104CXP001006BLogic&uji.bean=ee.bean.parent.EECommonSearchBean&no=S1005L10&amp;lgKbn=2&/E01EW/download?1462603952015
93,E02272,liabilities,721032000000,CurrentQuarterInstant,Instant,2015-06-30,na,https://disclosure.edinet-fsa.go.jp/E01EW/download?uji.verb=W0EZA104CXP001006BLogic&uji.bean=ee.bean.parent.EECommonSearchBean&no=S1005L10&amp;lgKbn=2&/E01EW/download?1462603952015
94,E02272,capitalstock,124520000000,Prior1YearInstant,Instant,2015-03-31,na,https://disclosure.edinet-fsa.go.jp/E01EW/download?uji.verb=W0EZA104CXP001006BLogic&uji.bean=ee.bean.parent.EECommonSearchBean&no=S1005L10&amp;lgKbn=2&/E01EW/download?1462603952015
95,E02272,capitalstock,124520000000,CurrentQuarterInstant,Instant,2015-06-30,na,https://disclosure.edinet-fsa.go.jp/E01EW/download?uji.verb=W0EZA104CXP001006BLogic&uji.bean=ee.bean.parent.EECommonSearchBean&no=S1005L10&amp;lgKbn=2&/E01EW/download?1462603952015
96,E02272,capitalsurplus,90940000000,Prior1YearInstant,Instant,2015-03-31,na,https://disclosure.edinet-fsa.go.jp/E01EW/download?uji.verb=W0EZA104CXP001006BLogic&uji.bean=ee.bean.parent.EECommonSearchBean&no=S1005L10&amp;lgKbn=2&/E01EW/download?1462603952015
97,E02272,capitalsurplus,90940000000,CurrentQuarterInstant,Instant,2015-06-30,na,https://disclosure.edinet-fsa.go.jp/E01EW/download?uji.verb=W0EZA104CXP001006BLogic&uji.bean=ee.bean.parent.EECommonSearchBean&no=S1005L10&amp;lgKbn=2&/E01EW/download?1462603952015
98,E02272,retainedearnings,113817000000,Prior1YearInstant,Instant,2015-03-31,na,https://disclosure.edinet-fsa.go.jp/E01EW/download?uji.verb=W0EZA104CXP001006BLogic&uji.bean=ee.bean.parent.EECommonSearchBean&no=S1005L10&amp;lgKbn=2&/E01EW/download?1462603952015
99,E02272,retainedearnings,127101000000,CurrentQuarterInstant,Instant,2015-06-30,na,https://disclosure.edinet-fsa.go.jp/E01EW/download?uji.verb=W0EZA104CXP001006BLogic&uji.bean=ee.bean.parent.EECommonSearchBean&no=S1005L10&amp;lgKbn=2&/E01EW/download?1462603952015
100,E02272,shareholdersequity,328166000000,Prior1YearInstant,Instant,2015-03-31,na,https://disclosure.edinet-fsa.go.jp/E01EW/download?uji.verb=W0EZA104CXP001006BLogic&uji.bean=ee.bean.parent.EECommonSearchBean&no=S1005L10&amp;lgKbn=2&/E01EW/download?1462603952015
101,E02272,shareholdersequity,341448000000,CurrentQuarterInstant,Instant,2015-06-30,na,https://disclosure.edinet-fsa.go.jp/E01EW/download?uji.verb=W0EZA104CXP001006BLogic&uji.bean=ee.bean.parent.EECommonSearchBean&no=S1005L10&amp;lgKbn=2&/E01EW/download?1462603952015
102,E02272,valuationdifferenceonavailableforsalesecurities,24764000000,Prior1YearInstant,Instant,2015-03-31,na,https://disclosure.edinet-fsa.go.jp/E01EW/download?uji.verb=W0EZA104CXP001006BLogic&uji.bean=ee.bean.parent.EECommonSearchBean&no=S1005L10&amp;lgKbn=2&/E01EW/download?1462603952015
103,E02272,valuationdifferenceonavailableforsalesecurities,25234000000,CurrentQuarterInstant,Instant,2015-06-30,na,https://disclosure.edinet-fsa.go.jp/E01EW/download?uji.verb=W0EZA104CXP001006BLogic&uji.bean=ee.bean.parent.EECommonSearchBean&no=S1005L10&amp;lgKbn=2&/E01EW/download?1462603952015
104,E02272,deferredgainsorlossesonhedges,0,CurrentQuarterInstant,Instant,2015-06-30,na,https://disclosure.edinet-fsa.go.jp/E01EW/download?uji.verb=W0EZA104CXP001006BLogic&uji.bean=ee.bean.parent.EECommonSearchBean&no=S1005L10&amp;lgKbn=2&/E01EW/download?1462603952015
105,E02272,foreigncurrencytranslationadjustment,15285000000,Prior1YearInstant,Instant,2015-03-31,na,https://disclosure.edinet-fsa.go.jp/E01EW/download?uji.verb=W0EZA104CXP001006BLogic&uji.bean=ee.bean.parent.EECommonSearchBean&no=S1005L10&amp;lgKbn=2&/E01EW/download?1462603952015
106,E02272,foreigncurrencytranslationadjustment,28502000000,CurrentQuarterInstant,Instant,2015-06-30,na,https://disclosure.edinet-fsa.go.jp/E01EW/download?uji.verb=W0EZA104CXP001006BLogic&uji.bean=ee.bean.parent.EECommonSearchBean&no=S1005L10&amp;lgKbn=2&/E01EW/download?1462603952015
107,E02272,valuationandtranslationadjustments,27296000000,Prior1YearInstant,Instant,2015-03-31,na,https://disclosure.edinet-fsa.go.jp/E01EW/download?uji.verb=W0EZA104CXP001006BLogic&uji.bean=ee.bean.parent.EECommonSearchBean&no=S1005L10&amp;lgKbn=2&/E01EW/download?1462603952015
108,E02272,valuationandtranslationadjustments,41542000000,CurrentQuarterInstant,Instant,2015-06-30,na,https://disclosure.edinet-fsa.go.jp/E01EW/download?uji.verb=W0EZA104CXP001006BLogic&uji.bean=ee.bean.parent.EECommonSearchBean&no=S1005L10&amp;lgKbn=2&/E01EW/download?1462603952015
109,E02272,subscriptionrightstoshares,260000000,Prior1YearInstant,Instant,2015-03-31,na,https://disclosure.edinet-fsa.go.jp/E01EW/download?uji.verb=W0EZA104CXP001006BLogic&uji.bean=ee.bean.parent.EECommonSearchBean&no=S1005L10&amp;lgKbn=2&/E01EW/download?1462603952015
110,E02272,subscriptionrightstoshares,260000000,CurrentQuarterInstant,Instant,2015-06-30,na,https://disclosure.edinet-fsa.go.jp/E01EW/download?uji.verb=W0EZA104CXP001006BLogic&uji.bean=ee.bean.parent.EECommonSearchBean&no=S1005L10&amp;lgKbn=2&/E01EW/download?1462603952015
111,E02272,noncontrollinginterests,1532000000,Prior1YearInstant,Instant,2015-03-31,na,https://disclosure.edinet-fsa.go.jp/E01EW/download?uji.verb=W0EZA104CXP001006BLogic&uji.bean=ee.bean.parent.EECommonSearchBean&no=S1005L10&amp;lgKbn=2&/E01EW/download?1462603952015
112,E02272,noncontrollinginterests,1491000000,CurrentQuarterInstant,Instant,2015-06-30,na,https://disclosure.edinet-fsa.go.jp/E01EW/download?uji.verb=W0EZA104CXP001006BLogic&uji.bean=ee.bean.parent.EECommonSearchBean&no=S1005L10&amp;lgKbn=2&/E01EW/download?1462603952015
113,E02272,netassets,357254000000,Prior1YearInstant,Instant,2015-03-31,na,https://disclosure.edinet-fsa.go.jp/E01EW/download?uji.verb=W0EZA104CXP001006BLogic&uji.bean=ee.bean.parent.EECommonSearchBean&no=S1005L10&amp;lgKbn=2&/E01EW/download?1462603952015
114,E02272,netassets,384741000000,CurrentQuarterInstant,Instant,2015-06-30,na,https://disclosure.edinet-fsa.go.jp/E01EW/download?uji.verb=W0EZA104CXP001006BLogic&uji.bean=ee.bean.parent.EECommonSearchBean&no=S1005L10&amp;lgKbn=2&/E01EW/download?1462603952015
115,E02272,liabilitiesandnetassets,1081551000000,Prior1YearInstant,Instant,2015-03-31,na,https://disclosure.edinet-fsa.go.jp/E01EW/download?uji.verb=W0EZA104CXP001006BLogic&uji.bean=ee.bean.parent.EECommonSearchBean&no=S1005L10&amp;lgKbn=2&/E01EW/download?1462603952015
116,E02272,liabilitiesandnetassets,1105773000000,CurrentQuarterInstant,Instant,2015-06-30,na,https://disclosure.edinet-fsa.go.jp/E01EW/download?uji.verb=W0EZA104CXP001006BLogic&uji.bean=ee.bean.parent.EECommonSearchBean&no=S1005L10&amp;lgKbn=2&/E01EW/download?1462603952015
117,E02272,netsales,167013000000,Prior1YTDDuration,Duration,2014-04-01:2014-06-30,na,https://disclosure.edinet-fsa.go.jp/E01EW/download?uji.verb=W0EZA104CXP001006BLogic&uji.bean=ee.bean.parent.EECommonSearchBean&no=S1005L10&amp;lgKbn=2&/E01EW/download?1462603952015
118,E02272,netsales,187572000000,CurrentYTDDuration,Duration,2015-04-01:2015-06-30,na,https://disclosure.edinet-fsa.go.jp/E01EW/download?uji.verb=W0EZA104CXP001006BLogic&uji.bean=ee.bean.parent.EECommonSearchBean&no=S1005L10&amp;lgKbn=2&/E01EW/download?1462603952015
119,E02272,costofsales,60635000000,Prior1YTDDuration,Duration,2014-04-01:2014-06-30,na,https://disclosure.edinet-fsa.go.jp/E01EW/download?uji.verb=W0EZA104CXP001006BLogic&uji.bean=ee.bean.parent.EECommonSearchBean&no=S1005L10&amp;lgKbn=2&/E01EW/download?1462603952015
120,E02272,costofsales,65832000000,CurrentYTDDuration,Duration,2015-04-01:2015-06-30,na,https://disclosure.edinet-fsa.go.jp/E01EW/download?uji.verb=W0EZA104CXP001006BLogic&uji.bean=ee.bean.parent.EECommonSearchBean&no=S1005L10&amp;lgKbn=2&/E01EW/download?1462603952015
121,E02272,grossprofit,106378000000,Prior1YTDDuration,Duration,2014-04-01:2014-06-30,na,https://disclosure.edinet-fsa.go.jp/E01EW/download?uji.verb=W0EZA104CXP001006BLogic&uji.bean=ee.bean.parent.EECommonSearchBean&no=S1005L10&amp;lgKbn=2&/E01EW/download?1462603952015
122,E02272,grossprofit,121740000000,CurrentYTDDuration,Duration,2015-04-01:2015-06-30,na,https://disclosure.edinet-fsa.go.jp/E01EW/download?uji.verb=W0EZA104CXP001006BLogic&uji.bean=ee.bean.parent.EECommonSearchBean&no=S1005L10&amp;lgKbn=2&/E01EW/download?1462603952015
123,E02272,sellinggeneralandadministrativeexpenses,91325000000,Prior1YTDDuration,Duration,2014-04-01:2014-06-30,na,https://disclosure.edinet-fsa.go.jp/E01EW/download?uji.verb=W0EZA104CXP001006BLogic&uji.bean=ee.bean.parent.EECommonSearchBean&no=S1005L10&amp;lgKbn=2&/E01EW/download?1462603952015
124,E02272,sellinggeneralandadministrativeexpenses,104575000000,CurrentYTDDuration,Duration,2015-04-01:2015-06-30,na,https://disclosure.edinet-fsa.go.jp/E01EW/download?uji.verb=W0EZA104CXP001006BLogic&uji.bean=ee.bean.parent.EECommonSearchBean&no=S1005L10&amp;lgKbn=2&/E01EW/download?1462603952015
125,E02272,operatingincome,15053000000,Prior1YTDDuration,Duration,2014-04-01:2014-06-30,na,https://disclosure.edinet-fsa.go.jp/E01EW/download?uji.verb=W0EZA104CXP001006BLogic&uji.bean=ee.bean.parent.EECommonSearchBean&no=S1005L10&amp;lgKbn=2&/E01EW/download?1462603952015
126,E02272,operatingincome,17165000000,CurrentYTDDuration,Duration,2015-04-01:2015-06-30,na,https://disclosure.edinet-fsa.go.jp/E01EW/download?uji.verb=W0EZA104CXP001006BLogic&uji.bean=ee.bean.parent.EECommonSearchBean&no=S1005L10&amp;lgKbn=2&/E01EW/download?1462603952015
127,E02272,interestincomenoi,247000000,Prior1YTDDuration,Duration,2014-04-01:2014-06-30,na,https://disclosure.edinet-fsa.go.jp/E01EW/download?uji.verb=W0EZA104CXP001006BLogic&uji.bean=ee.bean.parent.EECommonSearchBean&no=S1005L10&amp;lgKbn=2&/E01EW/download?1462603952015
128,E02272,interestincomenoi,151000000,CurrentYTDDuration,Duration,2015-04-01:2015-06-30,na,https://disclosure.edinet-fsa.go.jp/E01EW/download?uji.verb=W0EZA104CXP001006BLogic&uji.bean=ee.bean.parent.EECommonSearchBean&no=S1005L10&amp;lgKbn=2&/E01EW/download?1462603952015
129,E02272,dividendsincomenoi,431000000,Prior1YTDDuration,Duration,2014-04-01:2014-06-30,na,https://disclosure.edinet-fsa.go.jp/E01EW/download?uji.verb=W0EZA104CXP001006BLogic&uji.bean=ee.bean.parent.EECommonSearchBean&no=S1005L10&amp;lgKbn=2&/E01EW/download?1462603952015
130,E02272,dividendsincomenoi,628000000,CurrentYTDDuration,Duration,2015-04-01:2015-06-30,na,https://disclosure.edinet-fsa.go.jp/E01EW/download?uji.verb=W0EZA104CXP001006BLogic&uji.bean=ee.bean.parent.EECommonSearchBean&no=S1005L10&amp;lgKbn=2&/E01EW/download?1462603952015
131,E02272,foreignexchangegainsnoi,656000000,CurrentYTDDuration,Duration,2015-04-01:2015-06-30,na,https://disclosure.edinet-fsa.go.jp/E01EW/download?uji.verb=W0EZA104CXP001006BLogic&uji.bean=ee.bean.parent.EECommonSearchBean&no=S1005L10&amp;lgKbn=2&/E01EW/download?1462603952015
132,E02272,othernoi,395000000,Prior1YTDDuration,Duration,2014-04-01:2014-06-30,na,https://disclosure.edinet-fsa.go.jp/E01EW/download?uji.verb=W0EZA104CXP001006BLogic&uji.bean=ee.bean.parent.EECommonSearchBean&no=S1005L10&amp;lgKbn=2&/E01EW/download?1462603952015
133,E02272,othernoi,1390000000,CurrentYTDDuration,Duration,2015-04-01:2015-06-30,na,https://disclosure.edinet-fsa.go.jp/E01EW/download?uji.verb=W0EZA104CXP001006BLogic&uji.bean=ee.bean.parent.EECommonSearchBean&no=S1005L10&amp;lgKbn=2&/E01EW/download?1462603952015
134,E02272,nonoperatingincome,1073000000,Prior1YTDDuration,Duration,2014-04-01:2014-06-30,na,https://disclosure.edinet-fsa.go.jp/E01EW/download?uji.verb=W0EZA104CXP001006BLogic&uji.bean=ee.bean.parent.EECommonSearchBean&no=S1005L10&amp;lgKbn=2&/E01EW/download?1462603952015
135,E02272,nonoperatingincome,2825000000,CurrentYTDDuration,Duration,2015-04-01:2015-06-30,na,https://disclosure.edinet-fsa.go.jp/E01EW/download?uji.verb=W0EZA104CXP001006BLogic&uji.bean=ee.bean.parent.EECommonSearchBean&no=S1005L10&amp;lgKbn=2&/E01EW/download?1462603952015
136,E02272,interestexpensesnoe,2348000000,Prior1YTDDuration,Duration,2014-04-01:2014-06-30,na,https://disclosure.edinet-fsa.go.jp/E01EW/download?uji.verb=W0EZA104CXP001006BLogic&uji.bean=ee.bean.parent.EECommonSearchBean&no=S1005L10&amp;lgKbn=2&/E01EW/download?1462603952015
137,E02272,interestexpensesnoe,2004000000,CurrentYTDDuration,Duration,2015-04-01:2015-06-30,na,https://disclosure.edinet-fsa.go.jp/E01EW/download?uji.verb=W0EZA104CXP001006BLogic&uji.bean=ee.bean.parent.EECommonSearchBean&no=S1005L10&amp;lgKbn=2&/E01EW/download?1462603952015
138,E02272,foreignexchangelossesnoe,530000000,Prior1YTDDuration,Duration,2014-04-01:2014-06-30,na,https://disclosure.edinet-fsa.go.jp/E01EW/download?uji.verb=W0EZA104CXP001006BLogic&uji.bean=ee.bean.parent.EECommonSearchBean&no=S1005L10&amp;lgKbn=2&/E01EW/download?1462603952015
139,E02272,advancedrepaymentexpensesnoe,807000000,Prior1YTDDuration,Duration,2014-04-01:2014-06-30,na,https://disclosure.edinet-fsa.go.jp/E01EW/download?uji.verb=W0EZA104CXP001006BLogic&uji.bean=ee.bean.parent.EECommonSearchBean&no=S1005L10&amp;lgKbn=2&/E01EW/download?1462603952015
140,E02272,equityinlossesofaffiliatesnoe,348000000,Prior1YTDDuration,Duration,2014-04-01:2014-06-30,na,https://disclosure.edinet-fsa.go.jp/E01EW/download?uji.verb=W0EZA104CXP001006BLogic&uji.bean=ee.bean.parent.EECommonSearchBean&no=S1005L10&amp;lgKbn=2&/E01EW/download?1462603952015
141,E02272,equityinlossesofaffiliatesnoe,1216000000,CurrentYTDDuration,Duration,2015-04-01:2015-06-30,na,https://disclosure.edinet-fsa.go.jp/E01EW/download?uji.verb=W0EZA104CXP001006BLogic&uji.bean=ee.bean.parent.EECommonSearchBean&no=S1005L10&amp;lgKbn=2&/E01EW/download?1462603952015
142,E02272,othernoe,938000000,Prior1YTDDuration,Duration,2014-04-01:2014-06-30,na,https://disclosure.edinet-fsa.go.jp/E01EW/download?uji.verb=W0EZA104CXP001006BLogic&uji.bean=ee.bean.parent.EECommonSearchBean&no=S1005L10&amp;lgKbn=2&/E01EW/download?1462603952015
143,E02272,othernoe,91000000,CurrentYTDDuration,Duration,2015-04-01:2015-06-30,na,https://disclosure.edinet-fsa.go.jp/E01EW/download?uji.verb=W0EZA104CXP001006BLogic&uji.bean=ee.bean.parent.EECommonSearchBean&no=S1005L10&amp;lgKbn=2&/E01EW/download?1462603952015
144,E02272,nonoperatingexpenses,4971000000,Prior1YTDDuration,Duration,2014-04-01:2014-06-30,na,https://disclosure.edinet-fsa.go.jp/E01EW/download?uji.verb=W0EZA104CXP001006BLogic&uji.bean=ee.bean.parent.EECommonSearchBean&no=S1005L10&amp;lgKbn=2&/E01EW/download?1462603952015
145,E02272,nonoperatingexpenses,3311000000,CurrentYTDDuration,Duration,2015-04-01:2015-06-30,na,https://disclosure.edinet-fsa.go.jp/E01EW/download?uji.verb=W0EZA104CXP001006BLogic&uji.bean=ee.bean.parent.EECommonSearchBean&no=S1005L10&amp;lgKbn=2&/E01EW/download?1462603952015
146,E02272,ordinaryincome,11155000000,Prior1YTDDuration,Duration,2014-04-01:2014-06-30,na,https://disclosure.edinet-fsa.go.jp/E01EW/download?uji.verb=W0EZA104CXP001006BLogic&uji.bean=ee.bean.parent.EECommonSearchBean&no=S1005L10&amp;lgKbn=2&/E01EW/download?1462603952015
147,E02272,ordinaryincome,16679000000,CurrentYTDDuration,Duration,2015-04-01:2015-06-30,na,https://disclosure.edinet-fsa.go.jp/E01EW/download?uji.verb=W0EZA104CXP001006BLogic&uji.bean=ee.bean.parent.EECommonSearchBean&no=S1005L10&amp;lgKbn=2&/E01EW/download?1462603952015
148,E02272,lossonantikickbackstatuteel,2421000000,CurrentYTDDuration,Duration,2015-04-01:2015-06-30,na,https://disclosure.edinet-fsa.go.jp/E01EW/download?uji.verb=W0EZA104CXP001006BLogic&uji.bean=ee.bean.parent.EECommonSearchBean&no=S1005L10&amp;lgKbn=2&/E01EW/download?1462603952015
149,E02272,extraordinaryloss,2421000000,CurrentYTDDuration,Duration,2015-04-01:2015-06-30,na,https://disclosure.edinet-fsa.go.jp/E01EW/download?uji.verb=W0EZA104CXP001006BLogic&uji.bean=ee.bean.parent.EECommonSearchBean&no=S1005L10&amp;lgKbn=2&/E01EW/download?1462603952015
150,E02272,incomebeforeincometaxes,11155000000,Prior1YTDDuration,Duration,2014-04-01:2014-06-30,na,https://disclosure.edinet-fsa.go.jp/E01EW/download?uji.verb=W0EZA104CXP001006BLogic&uji.bean=ee.bean.parent.EECommonSearchBean&no=S1005L10&amp;lgKbn=2&/E01EW/download?1462603952015
151,E02272,incomebeforeincometaxes,14258000000,CurrentYTDDuration,Duration,2015-04-01:2015-06-30,na,https://disclosure.edinet-fsa.go.jp/E01EW/download?uji.verb=W0EZA104CXP001006BLogic&uji.bean=ee.bean.parent.EECommonSearchBean&no=S1005L10&amp;lgKbn=2&/E01EW/download?1462603952015
152,E02272,incometaxes,3002000000,Prior1YTDDuration,Duration,2014-04-01:2014-06-30,na,https://disclosure.edinet-fsa.go.jp/E01EW/download?uji.verb=W0EZA104CXP001006BLogic&uji.bean=ee.bean.parent.EECommonSearchBean&no=S1005L10&amp;lgKbn=2&/E01EW/download?1462603952015
153,E02272,profitloss,8153000000,Prior1YTDDuration,Duration,2014-04-01:2014-06-30,na,https://disclosure.edinet-fsa.go.jp/E01EW/download?uji.verb=W0EZA104CXP001006BLogic&uji.bean=ee.bean.parent.EECommonSearchBean&no=S1005L10&amp;lgKbn=2&/E01EW/download?1462603952015
154,E02272,profitloss,16742000000,CurrentYTDDuration,Duration,2015-04-01:2015-06-30,na,https://disclosure.edinet-fsa.go.jp/E01EW/download?uji.verb=W0EZA104CXP001006BLogic&uji.bean=ee.bean.parent.EECommonSearchBean&no=S1005L10&amp;lgKbn=2&/E01EW/download?1462603952015
155,E02272,profitlossattributabletononcontrollinginterests,12000000,Prior1YTDDuration,Duration,2014-04-01:2014-06-30,na,https://disclosure.edinet-fsa.go.jp/E01EW/download?uji.verb=W0EZA104CXP001006BLogic&uji.bean=ee.bean.parent.EECommonSearchBean&no=S1005L10&amp;lgKbn=2&/E01EW/download?1462603952015
156,E02272,profitlossattributabletononcontrollinginterests,8000000,CurrentYTDDuration,Duration,2015-04-01:2015-06-30,na,https://disclosure.edinet-fsa.go.jp/E01EW/download?uji.verb=W0EZA104CXP001006BLogic&uji.bean=ee.bean.parent.EECommonSearchBean&no=S1005L10&amp;lgKbn=2&/E01EW/download?1462603952015
157,E02272,profitlossattributabletoownersofparent,8141000000,Prior1YTDDuration,Duration,2014-04-01:2014-06-30,na,https://disclosure.edinet-fsa.go.jp/E01EW/download?uji.verb=W0EZA104CXP001006BLogic&uji.bean=ee.bean.parent.EECommonSearchBean&no=S1005L10&amp;lgKbn=2&/E01EW/download?1462603952015
158,E02272,profitlossattributabletoownersofparent,16734000000,CurrentYTDDuration,Duration,2015-04-01:2015-06-30,na,https://disclosure.edinet-fsa.go.jp/E01EW/download?uji.verb=W0EZA104CXP001006BLogic&uji.bean=ee.bean.parent.EECommonSearchBean&no=S1005L10&amp;lgKbn=2&/E01EW/download?1462603952015
159,E02272,profitloss,8153000000,Prior1YTDDuration,Duration,2014-04-01:2014-06-30,na,https://disclosure.edinet-fsa.go.jp/E01EW/download?uji.verb=W0EZA104CXP001006BLogic&uji.bean=ee.bean.parent.EECommonSearchBean&no=S1005L10&amp;lgKbn=2&/E01EW/download?1462603952015
160,E02272,profitloss,16742000000,CurrentYTDDuration,Duration,2015-04-01:2015-06-30,na,https://disclosure.edinet-fsa.go.jp/E01EW/download?uji.verb=W0EZA104CXP001006BLogic&uji.bean=ee.bean.parent.EECommonSearchBean&no=S1005L10&amp;lgKbn=2&/E01EW/download?1462603952015
161,E02272,valuationdifferenceonavailableforsalesecuritiesnetoftaxoci,1325000000,Prior1YTDDuration,Duration,2014-04-01:2014-06-30,na,https://disclosure.edinet-fsa.go.jp/E01EW/download?uji.verb=W0EZA104CXP001006BLogic&uji.bean=ee.bean.parent.EECommonSearchBean&no=S1005L10&amp;lgKbn=2&/E01EW/download?1462603952015
162,E02272,valuationdifferenceonavailableforsalesecuritiesnetoftaxoci,470000000,CurrentYTDDuration,Duration,2015-04-01:2015-06-30,na,https://disclosure.edinet-fsa.go.jp/E01EW/download?uji.verb=W0EZA104CXP001006BLogic&uji.bean=ee.bean.parent.EECommonSearchBean&no=S1005L10&amp;lgKbn=2&/E01EW/download?1462603952015
163,E02272,deferredgainsorlossesonhedgesnetoftaxoci,5000000,Prior1YTDDuration,Duration,2014-04-01:2014-06-30,na,https://disclosure.edinet-fsa.go.jp/E01EW/download?uji.verb=W0EZA104CXP001006BLogic&uji.bean=ee.bean.parent.EECommonSearchBean&no=S1005L10&amp;lgKbn=2&/E01EW/download?1462603952015
164,E02272,deferredgainsorlossesonhedgesnetoftaxoci,8000000,CurrentYTDDuration,Duration,2015-04-01:2015-06-30,na,https://disclosure.edinet-fsa.go.jp/E01EW/download?uji.verb=W0EZA104CXP001006BLogic&uji.bean=ee.bean.parent.EECommonSearchBean&no=S1005L10&amp;lgKbn=2&/E01EW/download?1462603952015
165,E02272,foreigncurrencytranslationadjustmentnetoftaxoci,13220000000,CurrentYTDDuration,Duration,2015-04-01:2015-06-30,na,https://disclosure.edinet-fsa.go.jp/E01EW/download?uji.verb=W0EZA104CXP001006BLogic&uji.bean=ee.bean.parent.EECommonSearchBean&no=S1005L10&amp;lgKbn=2&/E01EW/download?1462603952015
166,E02272,remeasurementsofdefinedbenefitplansnetoftaxoci,551000000,CurrentYTDDuration,Duration,2015-04-01:2015-06-30,na,https://disclosure.edinet-fsa.go.jp/E01EW/download?uji.verb=W0EZA104CXP001006BLogic&uji.bean=ee.bean.parent.EECommonSearchBean&no=S1005L10&amp;lgKbn=2&/E01EW/download?1462603952015
167,E02272,othercomprehensiveincome,14249000000,CurrentYTDDuration,Duration,2015-04-01:2015-06-30,na,https://disclosure.edinet-fsa.go.jp/E01EW/download?uji.verb=W0EZA104CXP001006BLogic&uji.bean=ee.bean.parent.EECommonSearchBean&no=S1005L10&amp;lgKbn=2&/E01EW/download?1462603952015
168,E02272,comprehensiveincome,2693000000,Prior1YTDDuration,Duration,2014-04-01:2014-06-30,na,https://disclosure.edinet-fsa.go.jp/E01EW/download?uji.verb=W0EZA104CXP001006BLogic&uji.bean=ee.bean.parent.EECommonSearchBean&no=S1005L10&amp;lgKbn=2&/E01EW/download?1462603952015
169,E02272,comprehensiveincome,30991000000,CurrentYTDDuration,Duration,2015-04-01:2015-06-30,na,https://disclosure.edinet-fsa.go.jp/E01EW/download?uji.verb=W0EZA104CXP001006BLogic&uji.bean=ee.bean.parent.EECommonSearchBean&no=S1005L10&amp;lgKbn=2&/E01EW/download?1462603952015
170,E02272,comprehensiveincomeattributabletoownersoftheparent,2675000000,Prior1YTDDuration,Duration,2014-04-01:2014-06-30,na,https://disclosure.edinet-fsa.go.jp/E01EW/download?uji.verb=W0EZA104CXP001006BLogic&uji.bean=ee.bean.parent.EECommonSearchBean&no=S1005L10&amp;lgKbn=2&/E01EW/download?1462603952015
171,E02272,comprehensiveincomeattributabletoownersoftheparent,30979000000,CurrentYTDDuration,Duration,2015-04-01:2015-06-30,na,https://disclosure.edinet-fsa.go.jp/E01EW/download?uji.verb=W0EZA104CXP001006BLogic&uji.bean=ee.bean.parent.EECommonSearchBean&no=S1005L10&amp;lgKbn=2&/E01EW/download?1462603952015
172,E02272,comprehensiveincomeattributabletononcontrollinginterests,18000000,Prior1YTDDuration,Duration,2014-04-01:2014-06-30,na,https://disclosure.edinet-fsa.go.jp/E01EW/download?uji.verb=W0EZA104CXP001006BLogic&uji.bean=ee.bean.parent.EECommonSearchBean&no=S1005L10&amp;lgKbn=2&/E01EW/download?1462603952015
173,E02272,comprehensiveincomeattributabletononcontrollinginterests,12000000,CurrentYTDDuration,Duration,2015-04-01:2015-06-30,na,https://disclosure.edinet-fsa.go.jp/E01EW/download?uji.verb=W0EZA104CXP001006BLogic&uji.bean=ee.bean.parent.EECommonSearchBean&no=S1005L10&amp;lgKbn=2&/E01EW/download?1462603952015
174,E02272,discountedtradenotesreceivable,209000000,Prior1YearInstant,Instant,2015-03-31,na,https://disclosure.edinet-fsa.go.jp/E01EW/download?uji.verb=W0EZA104CXP001006BLogic&uji.bean=ee.bean.parent.EECommonSearchBean&no=S1005L10&amp;lgKbn=2&/E01EW/download?1462603952015
175,E02272,discountedtradenotesreceivable,453000000,CurrentQuarterInstant,Instant,2015-06-30,na,https://disclosure.edinet-fsa.go.jp/E01EW/download?uji.verb=W0EZA104CXP001006BLogic&uji.bean=ee.bean.parent.EECommonSearchBean&no=S1005L10&amp;lgKbn=2&/E01EW/download?1462603952015
176,E02272,revenuesfromexternalcustomers,120890000000,Prior1YTDDuration_jpcrp040300-q1r_E02272-000MedicalSystemsBusinessGroupReportableSegmentsMember,Duration,2014-04-01:2014-06-30,na,https://disclosure.edinet-fsa.go.jp/E01EW/download?uji.verb=W0EZA104CXP001006BLogic&uji.bean=ee.bean.parent.EECommonSearchBean&no=S1005L10&amp;lgKbn=2&/E01EW/download?1462603952015
177,E02272,revenuesfromexternalcustomers,21069000000,Prior1YTDDuration_jpcrp040300-q1r_E02272-000ScientificSolutionsBusinessGroupReportableSegmentsMember,Duration,2014-04-01:2014-06-30,na,https://disclosure.edinet-fsa.go.jp/E01EW/download?uji.verb=W0EZA104CXP001006BLogic&uji.bean=ee.bean.parent.EECommonSearchBean&no=S1005L10&amp;lgKbn=2&/E01EW/download?1462603952015
178,E02272,revenuesfromexternalcustomers,18575000000,Prior1YTDDuration_jpcrp040300-q1r_E02272-000ImagingSystemsBusinessGroupReportableSegmentsMember,Duration,2014-04-01:2014-06-30,na,https://disclosure.edinet-fsa.go.jp/E01EW/download?uji.verb=W0EZA104CXP001006BLogic&uji.bean=ee.bean.parent.EECommonSearchBean&no=S1005L10&amp;lgKbn=2&/E01EW/download?1462603952015
179,E02272,revenuesfromexternalcustomers,6479000000,Prior1YTDDuration_OtherReportableSegmentsMember,Duration,2014-04-01:2014-06-30,na,https://disclosure.edinet-fsa.go.jp/E01EW/download?uji.verb=W0EZA104CXP001006BLogic&uji.bean=ee.bean.parent.EECommonSearchBean&no=S1005L10&amp;lgKbn=2&/E01EW/download?1462603952015
180,E02272,revenuesfromexternalcustomers,167013000000,Prior1YTDDuration_ReportableSegmentsMember,Duration,2014-04-01:2014-06-30,na,https://disclosure.edinet-fsa.go.jp/E01EW/download?uji.verb=W0EZA104CXP001006BLogic&uji.bean=ee.bean.parent.EECommonSearchBean&no=S1005L10&amp;lgKbn=2&/E01EW/download?1462603952015
181,E02272,revenuesfromexternalcustomers,167013000000,Prior1YTDDuration,Duration,2014-04-01:2014-06-30,na,https://disclosure.edinet-fsa.go.jp/E01EW/download?uji.verb=W0EZA104CXP001006BLogic&uji.bean=ee.bean.parent.EECommonSearchBean&no=S1005L10&amp;lgKbn=2&/E01EW/download?1462603952015
182,E02272,transactionswithothersegments,22000000,Prior1YTDDuration_jpcrp040300-q1r_E02272-000MedicalSystemsBusinessGroupReportableSegmentsMember,Duration,2014-04-01:2014-06-30,na,https://disclosure.edinet-fsa.go.jp/E01EW/download?uji.verb=W0EZA104CXP001006BLogic&uji.bean=ee.bean.parent.EECommonSearchBean&no=S1005L10&amp;lgKbn=2&/E01EW/download?1462603952015
183,E02272,transactionswithothersegments,7000000,Prior1YTDDuration_jpcrp040300-q1r_E02272-000ScientificSolutionsBusinessGroupReportableSegmentsMember,Duration,2014-04-01:2014-06-30,na,https://disclosure.edinet-fsa.go.jp/E01EW/download?uji.verb=W0EZA104CXP001006BLogic&uji.bean=ee.bean.parent.EECommonSearchBean&no=S1005L10&amp;lgKbn=2&/E01EW/download?1462603952015
184,E02272,transactionswithothersegments,3000000,Prior1YTDDuration_jpcrp040300-q1r_E02272-000ImagingSystemsBusinessGroupReportableSegmentsMember,Duration,2014-04-01:2014-06-30,na,https://disclosure.edinet-fsa.go.jp/E01EW/download?uji.verb=W0EZA104CXP001006BLogic&uji.bean=ee.bean.parent.EECommonSearchBean&no=S1005L10&amp;lgKbn=2&/E01EW/download?1462603952015
185,E02272,transactionswithothersegments,117000000,Prior1YTDDuration_OtherReportableSegmentsMember,Duration,2014-04-01:2014-06-30,na,https://disclosure.edinet-fsa.go.jp/E01EW/download?uji.verb=W0EZA104CXP001006BLogic&uji.bean=ee.bean.parent.EECommonSearchBean&no=S1005L10&amp;lgKbn=2&/E01EW/download?1462603952015
186,E02272,transactionswithothersegments,149000000,Prior1YTDDuration_ReportableSegmentsMember,Duration,2014-04-01:2014-06-30,na,https://disclosure.edinet-fsa.go.jp/E01EW/download?uji.verb=W0EZA104CXP001006BLogic&uji.bean=ee.bean.parent.EECommonSearchBean&no=S1005L10&amp;lgKbn=2&/E01EW/download?1462603952015
187,E02272,netsales,120912000000,Prior1YTDDuration_jpcrp040300-q1r_E02272-000MedicalSystemsBusinessGroupReportableSegmentsMember,Duration,2014-04-01:2014-06-30,na,https://disclosure.edinet-fsa.go.jp/E01EW/download?uji.verb=W0EZA104CXP001006BLogic&uji.bean=ee.bean.parent.EECommonSearchBean&no=S1005L10&amp;lgKbn=2&/E01EW/download?1462603952015
188,E02272,netsales,21076000000,Prior1YTDDuration_jpcrp040300-q1r_E02272-000ScientificSolutionsBusinessGroupReportableSegmentsMember,Duration,2014-04-01:2014-06-30,na,https://disclosure.edinet-fsa.go.jp/E01EW/download?uji.verb=W0EZA104CXP001006BLogic&uji.bean=ee.bean.parent.EECommonSearchBean&no=S1005L10&amp;lgKbn=2&/E01EW/download?1462603952015
189,E02272,netsales,18578000000,Prior1YTDDuration_jpcrp040300-q1r_E02272-000ImagingSystemsBusinessGroupReportableSegmentsMember,Duration,2014-04-01:2014-06-30,na,https://disclosure.edinet-fsa.go.jp/E01EW/download?uji.verb=W0EZA104CXP001006BLogic&uji.bean=ee.bean.parent.EECommonSearchBean&no=S1005L10&amp;lgKbn=2&/E01EW/download?1462603952015
190,E02272,netsales,6596000000,Prior1YTDDuration_OtherReportableSegmentsMember,Duration,2014-04-01:2014-06-30,na,https://disclosure.edinet-fsa.go.jp/E01EW/download?uji.verb=W0EZA104CXP001006BLogic&uji.bean=ee.bean.parent.EECommonSearchBean&no=S1005L10&amp;lgKbn=2&/E01EW/download?1462603952015
191,E02272,netsales,167162000000,Prior1YTDDuration_ReportableSegmentsMember,Duration,2014-04-01:2014-06-30,na,https://disclosure.edinet-fsa.go.jp/E01EW/download?uji.verb=W0EZA104CXP001006BLogic&uji.bean=ee.bean.parent.EECommonSearchBean&no=S1005L10&amp;lgKbn=2&/E01EW/download?1462603952015
192,E02272,netsales,167013000000,Prior1YTDDuration,Duration,2014-04-01:2014-06-30,na,https://disclosure.edinet-fsa.go.jp/E01EW/download?uji.verb=W0EZA104CXP001006BLogic&uji.bean=ee.bean.parent.EECommonSearchBean&no=S1005L10&amp;lgKbn=2&/E01EW/download?1462603952015
193,E02272,operatingincome,24241000000,Prior1YTDDuration_jpcrp040300-q1r_E02272-000MedicalSystemsBusinessGroupReportableSegmentsMember,Duration,2014-04-01:2014-06-30,na,https://disclosure.edinet-fsa.go.jp/E01EW/download?uji.verb=W0EZA104CXP001006BLogic&uji.bean=ee.bean.parent.EECommonSearchBean&no=S1005L10&amp;lgKbn=2&/E01EW/download?1462603952015
194,E02272,operatingincome,38000000,Prior1YTDDuration_OtherReportableSegmentsMember,Duration,2014-04-01:2014-06-30,na,https://disclosure.edinet-fsa.go.jp/E01EW/download?uji.verb=W0EZA104CXP001006BLogic&uji.bean=ee.bean.parent.EECommonSearchBean&no=S1005L10&amp;lgKbn=2&/E01EW/download?1462603952015
195,E02272,operatingincome,22061000000,Prior1YTDDuration_ReportableSegmentsMember,Duration,2014-04-01:2014-06-30,na,https://disclosure.edinet-fsa.go.jp/E01EW/download?uji.verb=W0EZA104CXP001006BLogic&uji.bean=ee.bean.parent.EECommonSearchBean&no=S1005L10&amp;lgKbn=2&/E01EW/download?1462603952015
196,E02272,operatingincome,15053000000,Prior1YTDDuration,Duration,2014-04-01:2014-06-30,na,https://disclosure.edinet-fsa.go.jp/E01EW/download?uji.verb=W0EZA104CXP001006BLogic&uji.bean=ee.bean.parent.EECommonSearchBean&no=S1005L10&amp;lgKbn=2&/E01EW/download?1462603952015
197,E02272,revenuesfromexternalcustomers,139394000000,CurrentYTDDuration_jpcrp040300-q1r_E02272-000MedicalSystemsBusinessGroupReportableSegmentsMember,Duration,2015-04-01:2015-06-30,na,https://disclosure.edinet-fsa.go.jp/E01EW/download?uji.verb=W0EZA104CXP001006BLogic&uji.bean=ee.bean.parent.EECommonSearchBean&no=S1005L10&amp;lgKbn=2&/E01EW/download?1462603952015
198,E02272,revenuesfromexternalcustomers,22731000000,CurrentYTDDuration_jpcrp040300-q1r_E02272-000ScientificSolutionsBusinessGroupReportableSegmentsMember,Duration,2015-04-01:2015-06-30,na,https://disclosure.edinet-fsa.go.jp/E01EW/download?uji.verb=W0EZA104CXP001006BLogic&uji.bean=ee.bean.parent.EECommonSearchBean&no=S1005L10&amp;lgKbn=2&/E01EW/download?1462603952015
199,E02272,revenuesfromexternalcustomers,21533000000,CurrentYTDDuration_jpcrp040300-q1r_E02272-000ImagingSystemsBusinessGroupReportableSegmentsMember,Duration,2015-04-01:2015-06-30,na,https://disclosure.edinet-fsa.go.jp/E01EW/download?uji.verb=W0EZA104CXP001006BLogic&uji.bean=ee.bean.parent.EECommonSearchBean&no=S1005L10&amp;lgKbn=2&/E01EW/download?1462603952015
200,E02272,revenuesfromexternalcustomers,3914000000,CurrentYTDDuration_OtherReportableSegmentsMember,Duration,2015-04-01:2015-06-30,na,https://disclosure.edinet-fsa.go.jp/E01EW/download?uji.verb=W0EZA104CXP001006BLogic&uji.bean=ee.bean.parent.EECommonSearchBean&no=S1005L10&amp;lgKbn=2&/E01EW/download?1462603952015
201,E02272,revenuesfromexternalcustomers,187572000000,CurrentYTDDuration_ReportableSegmentsMember,Duration,2015-04-01:2015-06-30,na,https://disclosure.edinet-fsa.go.jp/E01EW/download?uji.verb=W0EZA104CXP001006BLogic&uji.bean=ee.bean.parent.EECommonSearchBean&no=S1005L10&amp;lgKbn=2&/E01EW/download?1462603952015
202,E02272,revenuesfromexternalcustomers,187572000000,CurrentYTDDuration,Duration,2015-04-01:2015-06-30,na,https://disclosure.edinet-fsa.go.jp/E01EW/download?uji.verb=W0EZA104CXP001006BLogic&uji.bean=ee.bean.parent.EECommonSearchBean&no=S1005L10&amp;lgKbn=2&/E01EW/download?1462603952015
203,E02272,netsales,139394000000,CurrentYTDDuration_jpcrp040300-q1r_E02272-000MedicalSystemsBusinessGroupReportableSegmentsMember,Duration,2015-04-01:2015-06-30,na,https://disclosure.edinet-fsa.go.jp/E01EW/download?uji.verb=W0EZA104CXP001006BLogic&uji.bean=ee.bean.parent.EECommonSearchBean&no=S1005L10&amp;lgKbn=2&/E01EW/download?1462603952015
204,E02272,netsales,22731000000,CurrentYTDDuration_jpcrp040300-q1r_E02272-000ScientificSolutionsBusinessGroupReportableSegmentsMember,Duration,2015-04-01:2015-06-30,na,https://disclosure.edinet-fsa.go.jp/E01EW/download?uji.verb=W0EZA104CXP001006BLogic&uji.bean=ee.bean.parent.EECommonSearchBean&no=S1005L10&amp;lgKbn=2&/E01EW/download?1462603952015
205,E02272,netsales,21533000000,CurrentYTDDuration_jpcrp040300-q1r_E02272-000ImagingSystemsBusinessGroupReportableSegmentsMember,Duration,2015-04-01:2015-06-30,na,https://disclosure.edinet-fsa.go.jp/E01EW/download?uji.verb=W0EZA104CXP001006BLogic&uji.bean=ee.bean.parent.EECommonSearchBean&no=S1005L10&amp;lgKbn=2&/E01EW/download?1462603952015
206,E02272,netsales,3914000000,CurrentYTDDuration_OtherReportableSegmentsMember,Duration,2015-04-01:2015-06-30,na,https://disclosure.edinet-fsa.go.jp/E01EW/download?uji.verb=W0EZA104CXP001006BLogic&uji.bean=ee.bean.parent.EECommonSearchBean&no=S1005L10&amp;lgKbn=2&/E01EW/download?1462603952015
207,E02272,netsales,187572000000,CurrentYTDDuration_ReportableSegmentsMember,Duration,2015-04-01:2015-06-30,na,https://disclosure.edinet-fsa.go.jp/E01EW/download?uji.verb=W0EZA104CXP001006BLogic&uji.bean=ee.bean.parent.EECommonSearchBean&no=S1005L10&amp;lgKbn=2&/E01EW/download?1462603952015
208,E02272,netsales,187572000000,CurrentYTDDuration,Duration,2015-04-01:2015-06-30,na,https://disclosure.edinet-fsa.go.jp/E01EW/download?uji.verb=W0EZA104CXP001006BLogic&uji.bean=ee.bean.parent.EECommonSearchBean&no=S1005L10&amp;lgKbn=2&/E01EW/download?1462603952015
209,E02272,operatingincome,25046000000,CurrentYTDDuration_jpcrp040300-q1r_E02272-000MedicalSystemsBusinessGroupReportableSegmentsMember,Duration,2015-04-01:2015-06-30,na,https://disclosure.edinet-fsa.go.jp/E01EW/download?uji.verb=W0EZA104CXP001006BLogic&uji.bean=ee.bean.parent.EECommonSearchBean&no=S1005L10&amp;lgKbn=2&/E01EW/download?1462603952015
210,E02272,operatingincome,760000000,CurrentYTDDuration_jpcrp040300-q1r_E02272-000ScientificSolutionsBusinessGroupReportableSegmentsMember,Duration,2015-04-01:2015-06-30,na,https://disclosure.edinet-fsa.go.jp/E01EW/download?uji.verb=W0EZA104CXP001006BLogic&uji.bean=ee.bean.parent.EECommonSearchBean&no=S1005L10&amp;lgKbn=2&/E01EW/download?1462603952015
211,E02272,operatingincome,1085000000,CurrentYTDDuration_jpcrp040300-q1r_E02272-000ImagingSystemsBusinessGroupReportableSegmentsMember,Duration,2015-04-01:2015-06-30,na,https://disclosure.edinet-fsa.go.jp/E01EW/download?uji.verb=W0EZA104CXP001006BLogic&uji.bean=ee.bean.parent.EECommonSearchBean&no=S1005L10&amp;lgKbn=2&/E01EW/download?1462603952015
212,E02272,operatingincome,25503000000,CurrentYTDDuration_ReportableSegmentsMember,Duration,2015-04-01:2015-06-30,na,https://disclosure.edinet-fsa.go.jp/E01EW/download?uji.verb=W0EZA104CXP001006BLogic&uji.bean=ee.bean.parent.EECommonSearchBean&no=S1005L10&amp;lgKbn=2&/E01EW/download?1462603952015
213,E02272,operatingincome,17165000000,CurrentYTDDuration,Duration,2015-04-01:2015-06-30,na,https://disclosure.edinet-fsa.go.jp/E01EW/download?uji.verb=W0EZA104CXP001006BLogic&uji.bean=ee.bean.parent.EECommonSearchBean&no=S1005L10&amp;lgKbn=2&/E01EW/download?1462603952015
