,Date,DateOrdinary,EdinetID,Term,Value,Context,Type,PeriodOrInstant,IsConsolidated,Src
0,2013-03-31,734958,E01794,cashanddeposits,22059000000,Prior1YearConsolidatedInstant,Instant,2013-03-31,1,https://disclosure.edinet-fsa.go.jp/E01EW/download?uji.verb=W0EZA104CXP001006BLogic&uji.bean=ee.bean.parent.EECommonSearchBean&no=S000E6TF&amp;lgKbn=2&/E01EW/download?1463339285808
1,2013-06-30,735049,E01794,cashanddeposits,35786000000,CurrentQuarterConsolidatedInstant,Instant,2013-06-30,1,https://disclosure.edinet-fsa.go.jp/E01EW/download?uji.verb=W0EZA104CXP001006BLogic&uji.bean=ee.bean.parent.EECommonSearchBean&no=S000E6TF&amp;lgKbn=2&/E01EW/download?1463339285808
2,2013-03-31,734958,E01794,notesandaccountsreceivabletrade,78978000000,Prior1YearConsolidatedInstant,Instant,2013-03-31,1,https://disclosure.edinet-fsa.go.jp/E01EW/download?uji.verb=W0EZA104CXP001006BLogic&uji.bean=ee.bean.parent.EECommonSearchBean&no=S000E6TF&amp;lgKbn=2&/E01EW/download?1463339285808
3,2013-06-30,735049,E01794,notesandaccountsreceivabletrade,73549000000,CurrentQuarterConsolidatedInstant,Instant,2013-06-30,1,https://disclosure.edinet-fsa.go.jp/E01EW/download?uji.verb=W0EZA104CXP001006BLogic&uji.bean=ee.bean.parent.EECommonSearchBean&no=S000E6TF&amp;lgKbn=2&/E01EW/download?1463339285808
4,2013-03-31,734958,E01794,merchandiseandfinishedgoods,40032000000,Prior1YearConsolidatedInstant,Instant,2013-03-31,1,https://disclosure.edinet-fsa.go.jp/E01EW/download?uji.verb=W0EZA104CXP001006BLogic&uji.bean=ee.bean.parent.EECommonSearchBean&no=S000E6TF&amp;lgKbn=2&/E01EW/download?1463339285808
5,2013-06-30,735049,E01794,merchandiseandfinishedgoods,44090000000,CurrentQuarterConsolidatedInstant,Instant,2013-06-30,1,https://disclosure.edinet-fsa.go.jp/E01EW/download?uji.verb=W0EZA104CXP001006BLogic&uji.bean=ee.bean.parent.EECommonSearchBean&no=S000E6TF&amp;lgKbn=2&/E01EW/download?1463339285808
6,2013-03-31,734958,E01794,workinprocess,11447000000,Prior1YearConsolidatedInstant,Instant,2013-03-31,1,https://disclosure.edinet-fsa.go.jp/E01EW/download?uji.verb=W0EZA104CXP001006BLogic&uji.bean=ee.bean.parent.EECommonSearchBean&no=S000E6TF&amp;lgKbn=2&/E01EW/download?1463339285808
7,2013-06-30,735049,E01794,workinprocess,10739000000,CurrentQuarterConsolidatedInstant,Instant,2013-06-30,1,https://disclosure.edinet-fsa.go.jp/E01EW/download?uji.verb=W0EZA104CXP001006BLogic&uji.bean=ee.bean.parent.EECommonSearchBean&no=S000E6TF&amp;lgKbn=2&/E01EW/download?1463339285808
8,2013-03-31,734958,E01794,rawmaterialsandsupplies,24987000000,Prior1YearConsolidatedInstant,Instant,2013-03-31,1,https://disclosure.edinet-fsa.go.jp/E01EW/download?uji.verb=W0EZA104CXP001006BLogic&uji.bean=ee.bean.parent.EECommonSearchBean&no=S000E6TF&amp;lgKbn=2&/E01EW/download?1463339285808
9,2013-06-30,735049,E01794,rawmaterialsandsupplies,23279000000,CurrentQuarterConsolidatedInstant,Instant,2013-06-30,1,https://disclosure.edinet-fsa.go.jp/E01EW/download?uji.verb=W0EZA104CXP001006BLogic&uji.bean=ee.bean.parent.EECommonSearchBean&no=S000E6TF&amp;lgKbn=2&/E01EW/download?1463339285808
10,2013-03-31,734958,E01794,deferredtaxassetsca,4925000000,Prior1YearConsolidatedInstant,Instant,2013-03-31,1,https://disclosure.edinet-fsa.go.jp/E01EW/download?uji.verb=W0EZA104CXP001006BLogic&uji.bean=ee.bean.parent.EECommonSearchBean&no=S000E6TF&amp;lgKbn=2&/E01EW/download?1463339285808
11,2013-06-30,735049,E01794,deferredtaxassetsca,5187000000,CurrentQuarterConsolidatedInstant,Instant,2013-06-30,1,https://disclosure.edinet-fsa.go.jp/E01EW/download?uji.verb=W0EZA104CXP001006BLogic&uji.bean=ee.bean.parent.EECommonSearchBean&no=S000E6TF&amp;lgKbn=2&/E01EW/download?1463339285808
12,2013-03-31,734958,E01794,otherca,14559000000,Prior1YearConsolidatedInstant,Instant,2013-03-31,1,https://disclosure.edinet-fsa.go.jp/E01EW/download?uji.verb=W0EZA104CXP001006BLogic&uji.bean=ee.bean.parent.EECommonSearchBean&no=S000E6TF&amp;lgKbn=2&/E01EW/download?1463339285808
13,2013-06-30,735049,E01794,otherca,16734000000,CurrentQuarterConsolidatedInstant,Instant,2013-06-30,1,https://disclosure.edinet-fsa.go.jp/E01EW/download?uji.verb=W0EZA104CXP001006BLogic&uji.bean=ee.bean.parent.EECommonSearchBean&no=S000E6TF&amp;lgKbn=2&/E01EW/download?1463339285808
14,2013-03-31,734958,E01794,currentassets,195253000000,Prior1YearConsolidatedInstant,Instant,2013-03-31,1,https://disclosure.edinet-fsa.go.jp/E01EW/download?uji.verb=W0EZA104CXP001006BLogic&uji.bean=ee.bean.parent.EECommonSearchBean&no=S000E6TF&amp;lgKbn=2&/E01EW/download?1463339285808
15,2013-06-30,735049,E01794,currentassets,207568000000,CurrentQuarterConsolidatedInstant,Instant,2013-06-30,1,https://disclosure.edinet-fsa.go.jp/E01EW/download?uji.verb=W0EZA104CXP001006BLogic&uji.bean=ee.bean.parent.EECommonSearchBean&no=S000E6TF&amp;lgKbn=2&/E01EW/download?1463339285808
16,2013-03-31,734958,E01794,buildingsandstructures,67680000000,Prior1YearConsolidatedInstant,Instant,2013-03-31,1,https://disclosure.edinet-fsa.go.jp/E01EW/download?uji.verb=W0EZA104CXP001006BLogic&uji.bean=ee.bean.parent.EECommonSearchBean&no=S000E6TF&amp;lgKbn=2&/E01EW/download?1463339285808
17,2013-06-30,735049,E01794,buildingsandstructures,67494000000,CurrentQuarterConsolidatedInstant,Instant,2013-06-30,1,https://disclosure.edinet-fsa.go.jp/E01EW/download?uji.verb=W0EZA104CXP001006BLogic&uji.bean=ee.bean.parent.EECommonSearchBean&no=S000E6TF&amp;lgKbn=2&/E01EW/download?1463339285808
18,2013-03-31,734958,E01794,leaseassetsppe,9333000000,Prior1YearConsolidatedInstant,Instant,2013-03-31,1,https://disclosure.edinet-fsa.go.jp/E01EW/download?uji.verb=W0EZA104CXP001006BLogic&uji.bean=ee.bean.parent.EECommonSearchBean&no=S000E6TF&amp;lgKbn=2&/E01EW/download?1463339285808
19,2013-06-30,735049,E01794,leaseassetsppe,9290000000,CurrentQuarterConsolidatedInstant,Instant,2013-06-30,1,https://disclosure.edinet-fsa.go.jp/E01EW/download?uji.verb=W0EZA104CXP001006BLogic&uji.bean=ee.bean.parent.EECommonSearchBean&no=S000E6TF&amp;lgKbn=2&/E01EW/download?1463339285808
20,2013-03-31,734958,E01794,machineryvehiclestoolsfurnitureandfixtures,146881000000,Prior1YearConsolidatedInstant,Instant,2013-03-31,1,https://disclosure.edinet-fsa.go.jp/E01EW/download?uji.verb=W0EZA104CXP001006BLogic&uji.bean=ee.bean.parent.EECommonSearchBean&no=S000E6TF&amp;lgKbn=2&/E01EW/download?1463339285808
21,2013-06-30,735049,E01794,machineryvehiclestoolsfurnitureandfixtures,147819000000,CurrentQuarterConsolidatedInstant,Instant,2013-06-30,1,https://disclosure.edinet-fsa.go.jp/E01EW/download?uji.verb=W0EZA104CXP001006BLogic&uji.bean=ee.bean.parent.EECommonSearchBean&no=S000E6TF&amp;lgKbn=2&/E01EW/download?1463339285808
22,2013-03-31,734958,E01794,otherppe,21344000000,Prior1YearConsolidatedInstant,Instant,2013-03-31,1,https://disclosure.edinet-fsa.go.jp/E01EW/download?uji.verb=W0EZA104CXP001006BLogic&uji.bean=ee.bean.parent.EECommonSearchBean&no=S000E6TF&amp;lgKbn=2&/E01EW/download?1463339285808
23,2013-06-30,735049,E01794,otherppe,20722000000,CurrentQuarterConsolidatedInstant,Instant,2013-06-30,1,https://disclosure.edinet-fsa.go.jp/E01EW/download?uji.verb=W0EZA104CXP001006BLogic&uji.bean=ee.bean.parent.EECommonSearchBean&no=S000E6TF&amp;lgKbn=2&/E01EW/download?1463339285808
24,2013-03-31,734958,E01794,propertyplantandequipment,65002000000,Prior1YearConsolidatedInstant,Instant,2013-03-31,1,https://disclosure.edinet-fsa.go.jp/E01EW/download?uji.verb=W0EZA104CXP001006BLogic&uji.bean=ee.bean.parent.EECommonSearchBean&no=S000E6TF&amp;lgKbn=2&/E01EW/download?1463339285808
25,2013-06-30,735049,E01794,propertyplantandequipment,63753000000,CurrentQuarterConsolidatedInstant,Instant,2013-06-30,1,https://disclosure.edinet-fsa.go.jp/E01EW/download?uji.verb=W0EZA104CXP001006BLogic&uji.bean=ee.bean.parent.EECommonSearchBean&no=S000E6TF&amp;lgKbn=2&/E01EW/download?1463339285808
26,2013-03-31,734958,E01794,goodwill,606000000,Prior1YearConsolidatedInstant,Instant,2013-03-31,1,https://disclosure.edinet-fsa.go.jp/E01EW/download?uji.verb=W0EZA104CXP001006BLogic&uji.bean=ee.bean.parent.EECommonSearchBean&no=S000E6TF&amp;lgKbn=2&/E01EW/download?1463339285808
27,2013-06-30,735049,E01794,goodwill,595000000,CurrentQuarterConsolidatedInstant,Instant,2013-06-30,1,https://disclosure.edinet-fsa.go.jp/E01EW/download?uji.verb=W0EZA104CXP001006BLogic&uji.bean=ee.bean.parent.EECommonSearchBean&no=S000E6TF&amp;lgKbn=2&/E01EW/download?1463339285808
28,2013-03-31,734958,E01794,software,34898000000,Prior1YearConsolidatedInstant,Instant,2013-03-31,1,https://disclosure.edinet-fsa.go.jp/E01EW/download?uji.verb=W0EZA104CXP001006BLogic&uji.bean=ee.bean.parent.EECommonSearchBean&no=S000E6TF&amp;lgKbn=2&/E01EW/download?1463339285808
29,2013-06-30,735049,E01794,software,35999000000,CurrentQuarterConsolidatedInstant,Instant,2013-06-30,1,https://disclosure.edinet-fsa.go.jp/E01EW/download?uji.verb=W0EZA104CXP001006BLogic&uji.bean=ee.bean.parent.EECommonSearchBean&no=S000E6TF&amp;lgKbn=2&/E01EW/download?1463339285808
30,2013-03-31,734958,E01794,otheria,1206000000,Prior1YearConsolidatedInstant,Instant,2013-03-31,1,https://disclosure.edinet-fsa.go.jp/E01EW/download?uji.verb=W0EZA104CXP001006BLogic&uji.bean=ee.bean.parent.EECommonSearchBean&no=S000E6TF&amp;lgKbn=2&/E01EW/download?1463339285808
31,2013-06-30,735049,E01794,otheria,1046000000,CurrentQuarterConsolidatedInstant,Instant,2013-06-30,1,https://disclosure.edinet-fsa.go.jp/E01EW/download?uji.verb=W0EZA104CXP001006BLogic&uji.bean=ee.bean.parent.EECommonSearchBean&no=S000E6TF&amp;lgKbn=2&/E01EW/download?1463339285808
32,2013-03-31,734958,E01794,intangibleassets,36710000000,Prior1YearConsolidatedInstant,Instant,2013-03-31,1,https://disclosure.edinet-fsa.go.jp/E01EW/download?uji.verb=W0EZA104CXP001006BLogic&uji.bean=ee.bean.parent.EECommonSearchBean&no=S000E6TF&amp;lgKbn=2&/E01EW/download?1463339285808
33,2013-06-30,735049,E01794,intangibleassets,37640000000,CurrentQuarterConsolidatedInstant,Instant,2013-06-30,1,https://disclosure.edinet-fsa.go.jp/E01EW/download?uji.verb=W0EZA104CXP001006BLogic&uji.bean=ee.bean.parent.EECommonSearchBean&no=S000E6TF&amp;lgKbn=2&/E01EW/download?1463339285808
34,2013-03-31,734958,E01794,investmentsecurities,6491000000,Prior1YearConsolidatedInstant,Instant,2013-03-31,1,https://disclosure.edinet-fsa.go.jp/E01EW/download?uji.verb=W0EZA104CXP001006BLogic&uji.bean=ee.bean.parent.EECommonSearchBean&no=S000E6TF&amp;lgKbn=2&/E01EW/download?1463339285808
35,2013-06-30,735049,E01794,investmentsecurities,8191000000,CurrentQuarterConsolidatedInstant,Instant,2013-06-30,1,https://disclosure.edinet-fsa.go.jp/E01EW/download?uji.verb=W0EZA104CXP001006BLogic&uji.bean=ee.bean.parent.EECommonSearchBean&no=S000E6TF&amp;lgKbn=2&/E01EW/download?1463339285808
36,2013-03-31,734958,E01794,deferredtaxassetsioa,5728000000,Prior1YearConsolidatedInstant,Instant,2013-03-31,1,https://disclosure.edinet-fsa.go.jp/E01EW/download?uji.verb=W0EZA104CXP001006BLogic&uji.bean=ee.bean.parent.EECommonSearchBean&no=S000E6TF&amp;lgKbn=2&/E01EW/download?1463339285808
37,2013-06-30,735049,E01794,deferredtaxassetsioa,5978000000,CurrentQuarterConsolidatedInstant,Instant,2013-06-30,1,https://disclosure.edinet-fsa.go.jp/E01EW/download?uji.verb=W0EZA104CXP001006BLogic&uji.bean=ee.bean.parent.EECommonSearchBean&no=S000E6TF&amp;lgKbn=2&/E01EW/download?1463339285808
38,2013-03-31,734958,E01794,otherioa,2351000000,Prior1YearConsolidatedInstant,Instant,2013-03-31,1,https://disclosure.edinet-fsa.go.jp/E01EW/download?uji.verb=W0EZA104CXP001006BLogic&uji.bean=ee.bean.parent.EECommonSearchBean&no=S000E6TF&amp;lgKbn=2&/E01EW/download?1463339285808
39,2013-06-30,735049,E01794,otherioa,2317000000,CurrentQuarterConsolidatedInstant,Instant,2013-06-30,1,https://disclosure.edinet-fsa.go.jp/E01EW/download?uji.verb=W0EZA104CXP001006BLogic&uji.bean=ee.bean.parent.EECommonSearchBean&no=S000E6TF&amp;lgKbn=2&/E01EW/download?1463339285808
40,2013-03-31,734958,E01794,investmentsandotherassets,14360000000,Prior1YearConsolidatedInstant,Instant,2013-03-31,1,https://disclosure.edinet-fsa.go.jp/E01EW/download?uji.verb=W0EZA104CXP001006BLogic&uji.bean=ee.bean.parent.EECommonSearchBean&no=S000E6TF&amp;lgKbn=2&/E01EW/download?1463339285808
41,2013-06-30,735049,E01794,investmentsandotherassets,16276000000,CurrentQuarterConsolidatedInstant,Instant,2013-06-30,1,https://disclosure.edinet-fsa.go.jp/E01EW/download?uji.verb=W0EZA104CXP001006BLogic&uji.bean=ee.bean.parent.EECommonSearchBean&no=S000E6TF&amp;lgKbn=2&/E01EW/download?1463339285808
42,2013-03-31,734958,E01794,noncurrentassets,116072000000,Prior1YearConsolidatedInstant,Instant,2013-03-31,1,https://disclosure.edinet-fsa.go.jp/E01EW/download?uji.verb=W0EZA104CXP001006BLogic&uji.bean=ee.bean.parent.EECommonSearchBean&no=S000E6TF&amp;lgKbn=2&/E01EW/download?1463339285808
43,2013-06-30,735049,E01794,noncurrentassets,117669000000,CurrentQuarterConsolidatedInstant,Instant,2013-06-30,1,https://disclosure.edinet-fsa.go.jp/E01EW/download?uji.verb=W0EZA104CXP001006BLogic&uji.bean=ee.bean.parent.EECommonSearchBean&no=S000E6TF&amp;lgKbn=2&/E01EW/download?1463339285808
44,2013-06-30,735049,E01794,deferredassets,122000000,CurrentQuarterConsolidatedInstant,Instant,2013-06-30,1,https://disclosure.edinet-fsa.go.jp/E01EW/download?uji.verb=W0EZA104CXP001006BLogic&uji.bean=ee.bean.parent.EECommonSearchBean&no=S000E6TF&amp;lgKbn=2&/E01EW/download?1463339285808
45,2013-03-31,734958,E01794,assets,311325000000,Prior1YearConsolidatedInstant,Instant,2013-03-31,1,https://disclosure.edinet-fsa.go.jp/E01EW/download?uji.verb=W0EZA104CXP001006BLogic&uji.bean=ee.bean.parent.EECommonSearchBean&no=S000E6TF&amp;lgKbn=2&/E01EW/download?1463339285808
46,2013-06-30,735049,E01794,assets,325359000000,CurrentQuarterConsolidatedInstant,Instant,2013-06-30,1,https://disclosure.edinet-fsa.go.jp/E01EW/download?uji.verb=W0EZA104CXP001006BLogic&uji.bean=ee.bean.parent.EECommonSearchBean&no=S000E6TF&amp;lgKbn=2&/E01EW/download?1463339285808
47,2013-03-31,734958,E01794,allowancerestructuringcosts,6211000000,Prior1YearConsolidatedInstant,Instant,2013-03-31,1,https://disclosure.edinet-fsa.go.jp/E01EW/download?uji.verb=W0EZA104CXP001006BLogic&uji.bean=ee.bean.parent.EECommonSearchBean&no=S000E6TF&amp;lgKbn=2&/E01EW/download?1463339285808
48,2013-03-31,734958,E01794,notesandaccountspayabletrade,58773000000,Prior1YearConsolidatedInstant,Instant,2013-03-31,1,https://disclosure.edinet-fsa.go.jp/E01EW/download?uji.verb=W0EZA104CXP001006BLogic&uji.bean=ee.bean.parent.EECommonSearchBean&no=S000E6TF&amp;lgKbn=2&/E01EW/download?1463339285808
49,2013-06-30,735049,E01794,notesandaccountspayabletrade,69041000000,CurrentQuarterConsolidatedInstant,Instant,2013-06-30,1,https://disclosure.edinet-fsa.go.jp/E01EW/download?uji.verb=W0EZA104CXP001006BLogic&uji.bean=ee.bean.parent.EECommonSearchBean&no=S000E6TF&amp;lgKbn=2&/E01EW/download?1463339285808
50,2013-03-31,734958,E01794,shorttermloanspayable,20535000000,Prior1YearConsolidatedInstant,Instant,2013-03-31,1,https://disclosure.edinet-fsa.go.jp/E01EW/download?uji.verb=W0EZA104CXP001006BLogic&uji.bean=ee.bean.parent.EECommonSearchBean&no=S000E6TF&amp;lgKbn=2&/E01EW/download?1463339285808
51,2013-06-30,735049,E01794,shorttermloanspayable,20844000000,CurrentQuarterConsolidatedInstant,Instant,2013-06-30,1,https://disclosure.edinet-fsa.go.jp/E01EW/download?uji.verb=W0EZA104CXP001006BLogic&uji.bean=ee.bean.parent.EECommonSearchBean&no=S000E6TF&amp;lgKbn=2&/E01EW/download?1463339285808
52,2013-03-31,734958,E01794,currentportionoflongtermloanspayable,62677000000,Prior1YearConsolidatedInstant,Instant,2013-03-31,1,https://disclosure.edinet-fsa.go.jp/E01EW/download?uji.verb=W0EZA104CXP001006BLogic&uji.bean=ee.bean.parent.EECommonSearchBean&no=S000E6TF&amp;lgKbn=2&/E01EW/download?1463339285808
53,2013-06-30,735049,E01794,currentportionoflongtermloanspayable,62677000000,CurrentQuarterConsolidatedInstant,Instant,2013-06-30,1,https://disclosure.edinet-fsa.go.jp/E01EW/download?uji.verb=W0EZA104CXP001006BLogic&uji.bean=ee.bean.parent.EECommonSearchBean&no=S000E6TF&amp;lgKbn=2&/E01EW/download?1463339285808
54,2013-03-31,734958,E01794,incometaxespayable,2617000000,Prior1YearConsolidatedInstant,Instant,2013-03-31,1,https://disclosure.edinet-fsa.go.jp/E01EW/download?uji.verb=W0EZA104CXP001006BLogic&uji.bean=ee.bean.parent.EECommonSearchBean&no=S000E6TF&amp;lgKbn=2&/E01EW/download?1463339285808
55,2013-06-30,735049,E01794,incometaxespayable,1669000000,CurrentQuarterConsolidatedInstant,Instant,2013-06-30,1,https://disclosure.edinet-fsa.go.jp/E01EW/download?uji.verb=W0EZA104CXP001006BLogic&uji.bean=ee.bean.parent.EECommonSearchBean&no=S000E6TF&amp;lgKbn=2&/E01EW/download?1463339285808
56,2013-03-31,734958,E01794,accruedexpenses,28431000000,Prior1YearConsolidatedInstant,Instant,2013-03-31,1,https://disclosure.edinet-fsa.go.jp/E01EW/download?uji.verb=W0EZA104CXP001006BLogic&uji.bean=ee.bean.parent.EECommonSearchBean&no=S000E6TF&amp;lgKbn=2&/E01EW/download?1463339285808
57,2013-06-30,735049,E01794,accruedexpenses,35939000000,CurrentQuarterConsolidatedInstant,Instant,2013-06-30,1,https://disclosure.edinet-fsa.go.jp/E01EW/download?uji.verb=W0EZA104CXP001006BLogic&uji.bean=ee.bean.parent.EECommonSearchBean&no=S000E6TF&amp;lgKbn=2&/E01EW/download?1463339285808
58,2013-03-31,734958,E01794,provisionforproductwarranties,2678000000,Prior1YearConsolidatedInstant,Instant,2013-03-31,1,https://disclosure.edinet-fsa.go.jp/E01EW/download?uji.verb=W0EZA104CXP001006BLogic&uji.bean=ee.bean.parent.EECommonSearchBean&no=S000E6TF&amp;lgKbn=2&/E01EW/download?1463339285808
59,2013-06-30,735049,E01794,provisionforproductwarranties,2672000000,CurrentQuarterConsolidatedInstant,Instant,2013-06-30,1,https://disclosure.edinet-fsa.go.jp/E01EW/download?uji.verb=W0EZA104CXP001006BLogic&uji.bean=ee.bean.parent.EECommonSearchBean&no=S000E6TF&amp;lgKbn=2&/E01EW/download?1463339285808
60,2013-03-31,734958,E01794,othercl,17328000000,Prior1YearConsolidatedInstant,Instant,2013-03-31,1,https://disclosure.edinet-fsa.go.jp/E01EW/download?uji.verb=W0EZA104CXP001006BLogic&uji.bean=ee.bean.parent.EECommonSearchBean&no=S000E6TF&amp;lgKbn=2&/E01EW/download?1463339285808
61,2013-06-30,735049,E01794,othercl,17179000000,CurrentQuarterConsolidatedInstant,Instant,2013-06-30,1,https://disclosure.edinet-fsa.go.jp/E01EW/download?uji.verb=W0EZA104CXP001006BLogic&uji.bean=ee.bean.parent.EECommonSearchBean&no=S000E6TF&amp;lgKbn=2&/E01EW/download?1463339285808
62,2013-03-31,734958,E01794,currentliabilities,199250000000,Prior1YearConsolidatedInstant,Instant,2013-03-31,1,https://disclosure.edinet-fsa.go.jp/E01EW/download?uji.verb=W0EZA104CXP001006BLogic&uji.bean=ee.bean.parent.EECommonSearchBean&no=S000E6TF&amp;lgKbn=2&/E01EW/download?1463339285808
63,2013-06-30,735049,E01794,currentliabilities,210021000000,CurrentQuarterConsolidatedInstant,Instant,2013-06-30,1,https://disclosure.edinet-fsa.go.jp/E01EW/download?uji.verb=W0EZA104CXP001006BLogic&uji.bean=ee.bean.parent.EECommonSearchBean&no=S000E6TF&amp;lgKbn=2&/E01EW/download?1463339285808
64,2013-03-31,734958,E01794,longtermloanspayable,13000000000,Prior1YearConsolidatedInstant,Instant,2013-03-31,1,https://disclosure.edinet-fsa.go.jp/E01EW/download?uji.verb=W0EZA104CXP001006BLogic&uji.bean=ee.bean.parent.EECommonSearchBean&no=S000E6TF&amp;lgKbn=2&/E01EW/download?1463339285808
65,2013-06-30,735049,E01794,longtermloanspayable,13000000000,CurrentQuarterConsolidatedInstant,Instant,2013-06-30,1,https://disclosure.edinet-fsa.go.jp/E01EW/download?uji.verb=W0EZA104CXP001006BLogic&uji.bean=ee.bean.parent.EECommonSearchBean&no=S000E6TF&amp;lgKbn=2&/E01EW/download?1463339285808
66,2013-03-31,734958,E01794,provisionforretirementbenefits,13153000000,Prior1YearConsolidatedInstant,Instant,2013-03-31,1,https://disclosure.edinet-fsa.go.jp/E01EW/download?uji.verb=W0EZA104CXP001006BLogic&uji.bean=ee.bean.parent.EECommonSearchBean&no=S000E6TF&amp;lgKbn=2&/E01EW/download?1463339285808
67,2013-06-30,735049,E01794,provisionforretirementbenefits,13632000000,CurrentQuarterConsolidatedInstant,Instant,2013-06-30,1,https://disclosure.edinet-fsa.go.jp/E01EW/download?uji.verb=W0EZA104CXP001006BLogic&uji.bean=ee.bean.parent.EECommonSearchBean&no=S000E6TF&amp;lgKbn=2&/E01EW/download?1463339285808
68,2013-03-31,734958,E01794,otherncl,4346000000,Prior1YearConsolidatedInstant,Instant,2013-03-31,1,https://disclosure.edinet-fsa.go.jp/E01EW/download?uji.verb=W0EZA104CXP001006BLogic&uji.bean=ee.bean.parent.EECommonSearchBean&no=S000E6TF&amp;lgKbn=2&/E01EW/download?1463339285808
69,2013-06-30,735049,E01794,otherncl,4010000000,CurrentQuarterConsolidatedInstant,Instant,2013-06-30,1,https://disclosure.edinet-fsa.go.jp/E01EW/download?uji.verb=W0EZA104CXP001006BLogic&uji.bean=ee.bean.parent.EECommonSearchBean&no=S000E6TF&amp;lgKbn=2&/E01EW/download?1463339285808
70,2013-03-31,734958,E01794,noncurrentliabilities,30499000000,Prior1YearConsolidatedInstant,Instant,2013-03-31,1,https://disclosure.edinet-fsa.go.jp/E01EW/download?uji.verb=W0EZA104CXP001006BLogic&uji.bean=ee.bean.parent.EECommonSearchBean&no=S000E6TF&amp;lgKbn=2&/E01EW/download?1463339285808
71,2013-06-30,735049,E01794,noncurrentliabilities,30642000000,CurrentQuarterConsolidatedInstant,Instant,2013-06-30,1,https://disclosure.edinet-fsa.go.jp/E01EW/download?uji.verb=W0EZA104CXP001006BLogic&uji.bean=ee.bean.parent.EECommonSearchBean&no=S000E6TF&amp;lgKbn=2&/E01EW/download?1463339285808
72,2013-03-31,734958,E01794,liabilities,229749000000,Prior1YearConsolidatedInstant,Instant,2013-03-31,1,https://disclosure.edinet-fsa.go.jp/E01EW/download?uji.verb=W0EZA104CXP001006BLogic&uji.bean=ee.bean.parent.EECommonSearchBean&no=S000E6TF&amp;lgKbn=2&/E01EW/download?1463339285808
73,2013-06-30,735049,E01794,liabilities,240663000000,CurrentQuarterConsolidatedInstant,Instant,2013-06-30,1,https://disclosure.edinet-fsa.go.jp/E01EW/download?uji.verb=W0EZA104CXP001006BLogic&uji.bean=ee.bean.parent.EECommonSearchBean&no=S000E6TF&amp;lgKbn=2&/E01EW/download?1463339285808
74,2013-03-31,734958,E01794,capitalstock,87257000000,Prior1YearConsolidatedInstant,Instant,2013-03-31,1,https://disclosure.edinet-fsa.go.jp/E01EW/download?uji.verb=W0EZA104CXP001006BLogic&uji.bean=ee.bean.parent.EECommonSearchBean&no=S000E6TF&amp;lgKbn=2&/E01EW/download?1463339285808
75,2013-06-30,735049,E01794,capitalstock,91732000000,CurrentQuarterConsolidatedInstant,Instant,2013-06-30,1,https://disclosure.edinet-fsa.go.jp/E01EW/download?uji.verb=W0EZA104CXP001006BLogic&uji.bean=ee.bean.parent.EECommonSearchBean&no=S000E6TF&amp;lgKbn=2&/E01EW/download?1463339285808
76,2013-03-31,734958,E01794,capitalsurplus,51541000000,Prior1YearConsolidatedInstant,Instant,2013-03-31,1,https://disclosure.edinet-fsa.go.jp/E01EW/download?uji.verb=W0EZA104CXP001006BLogic&uji.bean=ee.bean.parent.EECommonSearchBean&no=S000E6TF&amp;lgKbn=2&/E01EW/download?1463339285808
77,2013-06-30,735049,E01794,capitalsurplus,56016000000,CurrentQuarterConsolidatedInstant,Instant,2013-06-30,1,https://disclosure.edinet-fsa.go.jp/E01EW/download?uji.verb=W0EZA104CXP001006BLogic&uji.bean=ee.bean.parent.EECommonSearchBean&no=S000E6TF&amp;lgKbn=2&/E01EW/download?1463339285808
78,2013-03-31,734958,E01794,retainedearnings,17318000000,Prior1YearConsolidatedInstant,Instant,2013-03-31,1,https://disclosure.edinet-fsa.go.jp/E01EW/download?uji.verb=W0EZA104CXP001006BLogic&uji.bean=ee.bean.parent.EECommonSearchBean&no=S000E6TF&amp;lgKbn=2&/E01EW/download?1463339285808
79,2013-06-30,735049,E01794,retainedearnings,7242000000,CurrentQuarterConsolidatedInstant,Instant,2013-06-30,1,https://disclosure.edinet-fsa.go.jp/E01EW/download?uji.verb=W0EZA104CXP001006BLogic&uji.bean=ee.bean.parent.EECommonSearchBean&no=S000E6TF&amp;lgKbn=2&/E01EW/download?1463339285808
80,2013-03-31,734958,E01794,shareholdersequity,145066000000,Prior1YearConsolidatedInstant,Instant,2013-03-31,1,https://disclosure.edinet-fsa.go.jp/E01EW/download?uji.verb=W0EZA104CXP001006BLogic&uji.bean=ee.bean.parent.EECommonSearchBean&no=S000E6TF&amp;lgKbn=2&/E01EW/download?1463339285808
81,2013-06-30,735049,E01794,shareholdersequity,143940000000,CurrentQuarterConsolidatedInstant,Instant,2013-06-30,1,https://disclosure.edinet-fsa.go.jp/E01EW/download?uji.verb=W0EZA104CXP001006BLogic&uji.bean=ee.bean.parent.EECommonSearchBean&no=S000E6TF&amp;lgKbn=2&/E01EW/download?1463339285808
82,2013-03-31,734958,E01794,valuationdifferenceonavailableforsalesecurities,695000000,Prior1YearConsolidatedInstant,Instant,2013-03-31,1,https://disclosure.edinet-fsa.go.jp/E01EW/download?uji.verb=W0EZA104CXP001006BLogic&uji.bean=ee.bean.parent.EECommonSearchBean&no=S000E6TF&amp;lgKbn=2&/E01EW/download?1463339285808
83,2013-06-30,735049,E01794,valuationdifferenceonavailableforsalesecurities,2009000000,CurrentQuarterConsolidatedInstant,Instant,2013-06-30,1,https://disclosure.edinet-fsa.go.jp/E01EW/download?uji.verb=W0EZA104CXP001006BLogic&uji.bean=ee.bean.parent.EECommonSearchBean&no=S000E6TF&amp;lgKbn=2&/E01EW/download?1463339285808
84,2013-03-31,734958,E01794,minorityinterests,5172000000,Prior1YearConsolidatedInstant,Instant,2013-03-31,1,https://disclosure.edinet-fsa.go.jp/E01EW/download?uji.verb=W0EZA104CXP001006BLogic&uji.bean=ee.bean.parent.EECommonSearchBean&no=S000E6TF&amp;lgKbn=2&/E01EW/download?1463339285808
85,2013-06-30,735049,E01794,minorityinterests,5146000000,CurrentQuarterConsolidatedInstant,Instant,2013-06-30,1,https://disclosure.edinet-fsa.go.jp/E01EW/download?uji.verb=W0EZA104CXP001006BLogic&uji.bean=ee.bean.parent.EECommonSearchBean&no=S000E6TF&amp;lgKbn=2&/E01EW/download?1463339285808
86,2013-03-31,734958,E01794,netassets,81576000000,Prior1YearConsolidatedInstant,Instant,2013-03-31,1,https://disclosure.edinet-fsa.go.jp/E01EW/download?uji.verb=W0EZA104CXP001006BLogic&uji.bean=ee.bean.parent.EECommonSearchBean&no=S000E6TF&amp;lgKbn=2&/E01EW/download?1463339285808
87,2013-06-30,735049,E01794,netassets,84696000000,CurrentQuarterConsolidatedInstant,Instant,2013-06-30,1,https://disclosure.edinet-fsa.go.jp/E01EW/download?uji.verb=W0EZA104CXP001006BLogic&uji.bean=ee.bean.parent.EECommonSearchBean&no=S000E6TF&amp;lgKbn=2&/E01EW/download?1463339285808
88,2013-03-31,734958,E01794,liabilitiesandnetassets,311325000000,Prior1YearConsolidatedInstant,Instant,2013-03-31,1,https://disclosure.edinet-fsa.go.jp/E01EW/download?uji.verb=W0EZA104CXP001006BLogic&uji.bean=ee.bean.parent.EECommonSearchBean&no=S000E6TF&amp;lgKbn=2&/E01EW/download?1463339285808
89,2013-06-30,735049,E01794,liabilitiesandnetassets,325359000000,CurrentQuarterConsolidatedInstant,Instant,2013-06-30,1,https://disclosure.edinet-fsa.go.jp/E01EW/download?uji.verb=W0EZA104CXP001006BLogic&uji.bean=ee.bean.parent.EECommonSearchBean&no=S000E6TF&amp;lgKbn=2&/E01EW/download?1463339285808
90,2013-06-30,735049,E01794,valuationdifferenceonavailableforsalesecuritiesnetoftaxoci,1314000000,CurrentYTDConsolidatedDuration,Duration,2013-04-01:2013-06-30,1,https://disclosure.edinet-fsa.go.jp/E01EW/download?uji.verb=W0EZA104CXP001006BLogic&uji.bean=ee.bean.parent.EECommonSearchBean&no=S000E6TF&amp;lgKbn=2&/E01EW/download?1463339285808
91,2012-06-30,734684,E01794,deferredgainsorlossesonhedgesnetoftaxoci,366000000,Prior1YTDConsolidatedDuration,Duration,2012-04-01:2012-06-30,1,https://disclosure.edinet-fsa.go.jp/E01EW/download?uji.verb=W0EZA104CXP001006BLogic&uji.bean=ee.bean.parent.EECommonSearchBean&no=S000E6TF&amp;lgKbn=2&/E01EW/download?1463339285808
92,2013-06-30,735049,E01794,deferredgainsorlossesonhedgesnetoftaxoci,1000000,CurrentYTDConsolidatedDuration,Duration,2013-04-01:2013-06-30,1,https://disclosure.edinet-fsa.go.jp/E01EW/download?uji.verb=W0EZA104CXP001006BLogic&uji.bean=ee.bean.parent.EECommonSearchBean&no=S000E6TF&amp;lgKbn=2&/E01EW/download?1463339285808
93,2013-06-30,735049,E01794,foreigncurrencytranslationadjustmentnetoftaxoci,3077000000,CurrentYTDConsolidatedDuration,Duration,2013-04-01:2013-06-30,1,https://disclosure.edinet-fsa.go.jp/E01EW/download?uji.verb=W0EZA104CXP001006BLogic&uji.bean=ee.bean.parent.EECommonSearchBean&no=S000E6TF&amp;lgKbn=2&/E01EW/download?1463339285808
94,2012-06-30,734684,E01794,shareofothercomprehensiveincomeofassociatesaccountedforusingequitymethodoci,82000000,Prior1YTDConsolidatedDuration,Duration,2012-04-01:2012-06-30,1,https://disclosure.edinet-fsa.go.jp/E01EW/download?uji.verb=W0EZA104CXP001006BLogic&uji.bean=ee.bean.parent.EECommonSearchBean&no=S000E6TF&amp;lgKbn=2&/E01EW/download?1463339285808
95,2013-06-30,735049,E01794,shareofothercomprehensiveincomeofassociatesaccountedforusingequitymethodoci,165000000,CurrentYTDConsolidatedDuration,Duration,2013-04-01:2013-06-30,1,https://disclosure.edinet-fsa.go.jp/E01EW/download?uji.verb=W0EZA104CXP001006BLogic&uji.bean=ee.bean.parent.EECommonSearchBean&no=S000E6TF&amp;lgKbn=2&/E01EW/download?1463339285808
96,2012-06-30,734684,E01794,pensionadjustmentsrecognizedbyanoverseasconsolidatedsubsidiaryoci,139000000,Prior1YTDConsolidatedDuration,Duration,2012-04-01:2012-06-30,1,https://disclosure.edinet-fsa.go.jp/E01EW/download?uji.verb=W0EZA104CXP001006BLogic&uji.bean=ee.bean.parent.EECommonSearchBean&no=S000E6TF&amp;lgKbn=2&/E01EW/download?1463339285808
97,2013-06-30,735049,E01794,othercomprehensiveincome,4410000000,CurrentYTDConsolidatedDuration,Duration,2013-04-01:2013-06-30,1,https://disclosure.edinet-fsa.go.jp/E01EW/download?uji.verb=W0EZA104CXP001006BLogic&uji.bean=ee.bean.parent.EECommonSearchBean&no=S000E6TF&amp;lgKbn=2&/E01EW/download?1463339285808
98,2012-06-30,734684,E01794,depreciationandamortizationopecf,6018000000,Prior1YTDConsolidatedDuration,Duration,2012-04-01:2012-06-30,1,https://disclosure.edinet-fsa.go.jp/E01EW/download?uji.verb=W0EZA104CXP001006BLogic&uji.bean=ee.bean.parent.EECommonSearchBean&no=S000E6TF&amp;lgKbn=2&/E01EW/download?1463339285808
99,2013-06-30,735049,E01794,depreciationandamortizationopecf,6502000000,CurrentYTDConsolidatedDuration,Duration,2013-04-01:2013-06-30,1,https://disclosure.edinet-fsa.go.jp/E01EW/download?uji.verb=W0EZA104CXP001006BLogic&uji.bean=ee.bean.parent.EECommonSearchBean&no=S000E6TF&amp;lgKbn=2&/E01EW/download?1463339285808
100,2012-06-30,734684,E01794,increasedecreaseinprovisionforretirementbenefitsopecf,598000000,Prior1YTDConsolidatedDuration,Duration,2012-04-01:2012-06-30,1,https://disclosure.edinet-fsa.go.jp/E01EW/download?uji.verb=W0EZA104CXP001006BLogic&uji.bean=ee.bean.parent.EECommonSearchBean&no=S000E6TF&amp;lgKbn=2&/E01EW/download?1463339285808
101,2013-06-30,735049,E01794,increasedecreaseinprovisionforretirementbenefitsopecf,264000000,CurrentYTDConsolidatedDuration,Duration,2013-04-01:2013-06-30,1,https://disclosure.edinet-fsa.go.jp/E01EW/download?uji.verb=W0EZA104CXP001006BLogic&uji.bean=ee.bean.parent.EECommonSearchBean&no=S000E6TF&amp;lgKbn=2&/E01EW/download?1463339285808
102,2012-06-30,734684,E01794,interestexpensesopecf,634000000,Prior1YTDConsolidatedDuration,Duration,2012-04-01:2012-06-30,1,https://disclosure.edinet-fsa.go.jp/E01EW/download?uji.verb=W0EZA104CXP001006BLogic&uji.bean=ee.bean.parent.EECommonSearchBean&no=S000E6TF&amp;lgKbn=2&/E01EW/download?1463339285808
103,2013-06-30,735049,E01794,interestexpensesopecf,669000000,CurrentYTDConsolidatedDuration,Duration,2013-04-01:2013-06-30,1,https://disclosure.edinet-fsa.go.jp/E01EW/download?uji.verb=W0EZA104CXP001006BLogic&uji.bean=ee.bean.parent.EECommonSearchBean&no=S000E6TF&amp;lgKbn=2&/E01EW/download?1463339285808
104,2012-06-30,734684,E01794,decreaseincreaseinnotesandaccountsreceivabletradeopecf,8979000000,Prior1YTDConsolidatedDuration,Duration,2012-04-01:2012-06-30,1,https://disclosure.edinet-fsa.go.jp/E01EW/download?uji.verb=W0EZA104CXP001006BLogic&uji.bean=ee.bean.parent.EECommonSearchBean&no=S000E6TF&amp;lgKbn=2&/E01EW/download?1463339285808
105,2013-06-30,735049,E01794,decreaseincreaseinnotesandaccountsreceivabletradeopecf,6943000000,CurrentYTDConsolidatedDuration,Duration,2013-04-01:2013-06-30,1,https://disclosure.edinet-fsa.go.jp/E01EW/download?uji.verb=W0EZA104CXP001006BLogic&uji.bean=ee.bean.parent.EECommonSearchBean&no=S000E6TF&amp;lgKbn=2&/E01EW/download?1463339285808
106,2013-06-30,735049,E01794,increasedecreaseinnotesandaccountspayabletradeopecf,9048000000,CurrentYTDConsolidatedDuration,Duration,2013-04-01:2013-06-30,1,https://disclosure.edinet-fsa.go.jp/E01EW/download?uji.verb=W0EZA104CXP001006BLogic&uji.bean=ee.bean.parent.EECommonSearchBean&no=S000E6TF&amp;lgKbn=2&/E01EW/download?1463339285808
107,2013-06-30,735049,E01794,increasedecreaseinaccruedexpensesopecf,7263000000,CurrentYTDConsolidatedDuration,Duration,2013-04-01:2013-06-30,1,https://disclosure.edinet-fsa.go.jp/E01EW/download?uji.verb=W0EZA104CXP001006BLogic&uji.bean=ee.bean.parent.EECommonSearchBean&no=S000E6TF&amp;lgKbn=2&/E01EW/download?1463339285808
108,2012-06-30,734684,E01794,othernetopecf,3442000000,Prior1YTDConsolidatedDuration,Duration,2012-04-01:2012-06-30,1,https://disclosure.edinet-fsa.go.jp/E01EW/download?uji.verb=W0EZA104CXP001006BLogic&uji.bean=ee.bean.parent.EECommonSearchBean&no=S000E6TF&amp;lgKbn=2&/E01EW/download?1463339285808
109,2013-06-30,735049,E01794,subtotalopecf,12952000000,CurrentYTDConsolidatedDuration,Duration,2013-04-01:2013-06-30,1,https://disclosure.edinet-fsa.go.jp/E01EW/download?uji.verb=W0EZA104CXP001006BLogic&uji.bean=ee.bean.parent.EECommonSearchBean&no=S000E6TF&amp;lgKbn=2&/E01EW/download?1463339285808
110,2012-06-30,734684,E01794,interestanddividendsincomereceivedopecfinvcf,105000000,Prior1YTDConsolidatedDuration,Duration,2012-04-01:2012-06-30,1,https://disclosure.edinet-fsa.go.jp/E01EW/download?uji.verb=W0EZA104CXP001006BLogic&uji.bean=ee.bean.parent.EECommonSearchBean&no=S000E6TF&amp;lgKbn=2&/E01EW/download?1463339285808
111,2013-06-30,735049,E01794,interestanddividendsincomereceivedopecfinvcf,49000000,CurrentYTDConsolidatedDuration,Duration,2013-04-01:2013-06-30,1,https://disclosure.edinet-fsa.go.jp/E01EW/download?uji.verb=W0EZA104CXP001006BLogic&uji.bean=ee.bean.parent.EECommonSearchBean&no=S000E6TF&amp;lgKbn=2&/E01EW/download?1463339285808
112,2013-06-30,735049,E01794,netcashprovidedbyusedinoperatingactivities,11157000000,CurrentYTDConsolidatedDuration,Duration,2013-04-01:2013-06-30,1,https://disclosure.edinet-fsa.go.jp/E01EW/download?uji.verb=W0EZA104CXP001006BLogic&uji.bean=ee.bean.parent.EECommonSearchBean&no=S000E6TF&amp;lgKbn=2&/E01EW/download?1463339285808
113,2012-06-30,734684,E01794,proceedsfromsalesofnoncurrentassetsinvcf,117000000,Prior1YTDConsolidatedDuration,Duration,2012-04-01:2012-06-30,1,https://disclosure.edinet-fsa.go.jp/E01EW/download?uji.verb=W0EZA104CXP001006BLogic&uji.bean=ee.bean.parent.EECommonSearchBean&no=S000E6TF&amp;lgKbn=2&/E01EW/download?1463339285808
114,2013-06-30,735049,E01794,proceedsfromsalesofnoncurrentassetsinvcf,653000000,CurrentYTDConsolidatedDuration,Duration,2013-04-01:2013-06-30,1,https://disclosure.edinet-fsa.go.jp/E01EW/download?uji.verb=W0EZA104CXP001006BLogic&uji.bean=ee.bean.parent.EECommonSearchBean&no=S000E6TF&amp;lgKbn=2&/E01EW/download?1463339285808
115,2012-06-30,734684,E01794,othernetinvcf,21000000,Prior1YTDConsolidatedDuration,Duration,2012-04-01:2012-06-30,1,https://disclosure.edinet-fsa.go.jp/E01EW/download?uji.verb=W0EZA104CXP001006BLogic&uji.bean=ee.bean.parent.EECommonSearchBean&no=S000E6TF&amp;lgKbn=2&/E01EW/download?1463339285808
116,2013-06-30,735049,E01794,proceedsfromissuanceofcommonstockfincf,8823000000,CurrentYTDConsolidatedDuration,Duration,2013-04-01:2013-06-30,1,https://disclosure.edinet-fsa.go.jp/E01EW/download?uji.verb=W0EZA104CXP001006BLogic&uji.bean=ee.bean.parent.EECommonSearchBean&no=S000E6TF&amp;lgKbn=2&/E01EW/download?1463339285808
117,2012-06-30,734684,E01794,othernetfincf,74000000,Prior1YTDConsolidatedDuration,Duration,2012-04-01:2012-06-30,1,https://disclosure.edinet-fsa.go.jp/E01EW/download?uji.verb=W0EZA104CXP001006BLogic&uji.bean=ee.bean.parent.EECommonSearchBean&no=S000E6TF&amp;lgKbn=2&/E01EW/download?1463339285808
118,2013-06-30,735049,E01794,netcashprovidedbyusedinfinancingactivities,8229000000,CurrentYTDConsolidatedDuration,Duration,2013-04-01:2013-06-30,1,https://disclosure.edinet-fsa.go.jp/E01EW/download?uji.verb=W0EZA104CXP001006BLogic&uji.bean=ee.bean.parent.EECommonSearchBean&no=S000E6TF&amp;lgKbn=2&/E01EW/download?1463339285808
119,2013-06-30,735049,E01794,effectofexchangeratechangeoncashandcashequivalents,605000000,CurrentYTDConsolidatedDuration,Duration,2013-04-01:2013-06-30,1,https://disclosure.edinet-fsa.go.jp/E01EW/download?uji.verb=W0EZA104CXP001006BLogic&uji.bean=ee.bean.parent.EECommonSearchBean&no=S000E6TF&amp;lgKbn=2&/E01EW/download?1463339285808
120,2013-06-30,735049,E01794,netincreasedecreaseincashandcashequivalents,13503000000,CurrentYTDConsolidatedDuration,Duration,2013-04-01:2013-06-30,1,https://disclosure.edinet-fsa.go.jp/E01EW/download?uji.verb=W0EZA104CXP001006BLogic&uji.bean=ee.bean.parent.EECommonSearchBean&no=S000E6TF&amp;lgKbn=2&/E01EW/download?1463339285808
121,2012-03-31,734593,E01794,cashandcashequivalents,45953000000,Prior2YearConsolidatedInstant,Instant,2012-03-31,1,https://disclosure.edinet-fsa.go.jp/E01EW/download?uji.verb=W0EZA104CXP001006BLogic&uji.bean=ee.bean.parent.EECommonSearchBean&no=S000E6TF&amp;lgKbn=2&/E01EW/download?1463339285808
122,2013-03-31,734958,E01794,cashandcashequivalents,20967000000,Prior1YearConsolidatedInstant,Instant,2013-03-31,1,https://disclosure.edinet-fsa.go.jp/E01EW/download?uji.verb=W0EZA104CXP001006BLogic&uji.bean=ee.bean.parent.EECommonSearchBean&no=S000E6TF&amp;lgKbn=2&/E01EW/download?1463339285808
123,2012-06-30,734684,E01794,cashandcashequivalents,31212000000,Prior1QuarterConsolidatedInstant,Instant,2012-06-30,1,https://disclosure.edinet-fsa.go.jp/E01EW/download?uji.verb=W0EZA104CXP001006BLogic&uji.bean=ee.bean.parent.EECommonSearchBean&no=S000E6TF&amp;lgKbn=2&/E01EW/download?1463339285808
124,2013-06-30,735049,E01794,cashandcashequivalents,34470000000,CurrentQuarterConsolidatedInstant,Instant,2013-06-30,1,https://disclosure.edinet-fsa.go.jp/E01EW/download?uji.verb=W0EZA104CXP001006BLogic&uji.bean=ee.bean.parent.EECommonSearchBean&no=S000E6TF&amp;lgKbn=2&/E01EW/download?1463339285808
125,2012-06-30,734684,E01794,netsales,111430000000,Prior1YTDConsolidatedDuration,Duration,2012-04-01:2012-06-30,1,https://disclosure.edinet-fsa.go.jp/E01EW/download?uji.verb=W0EZA104CXP001006BLogic&uji.bean=ee.bean.parent.EECommonSearchBean&no=S000E6TF&amp;lgKbn=2&/E01EW/download?1463339285808
126,2013-06-30,735049,E01794,netsales,109257000000,CurrentYTDConsolidatedDuration,Duration,2013-04-01:2013-06-30,1,https://disclosure.edinet-fsa.go.jp/E01EW/download?uji.verb=W0EZA104CXP001006BLogic&uji.bean=ee.bean.parent.EECommonSearchBean&no=S000E6TF&amp;lgKbn=2&/E01EW/download?1463339285808
127,2012-06-30,734684,E01794,costofsales,87425000000,Prior1YTDConsolidatedDuration,Duration,2012-04-01:2012-06-30,1,https://disclosure.edinet-fsa.go.jp/E01EW/download?uji.verb=W0EZA104CXP001006BLogic&uji.bean=ee.bean.parent.EECommonSearchBean&no=S000E6TF&amp;lgKbn=2&/E01EW/download?1463339285808
128,2013-06-30,735049,E01794,costofsales,93045000000,CurrentYTDConsolidatedDuration,Duration,2013-04-01:2013-06-30,1,https://disclosure.edinet-fsa.go.jp/E01EW/download?uji.verb=W0EZA104CXP001006BLogic&uji.bean=ee.bean.parent.EECommonSearchBean&no=S000E6TF&amp;lgKbn=2&/E01EW/download?1463339285808
129,2012-06-30,734684,E01794,grossprofit,24005000000,Prior1YTDConsolidatedDuration,Duration,2012-04-01:2012-06-30,1,https://disclosure.edinet-fsa.go.jp/E01EW/download?uji.verb=W0EZA104CXP001006BLogic&uji.bean=ee.bean.parent.EECommonSearchBean&no=S000E6TF&amp;lgKbn=2&/E01EW/download?1463339285808
130,2013-06-30,735049,E01794,grossprofit,16212000000,CurrentYTDConsolidatedDuration,Duration,2013-04-01:2013-06-30,1,https://disclosure.edinet-fsa.go.jp/E01EW/download?uji.verb=W0EZA104CXP001006BLogic&uji.bean=ee.bean.parent.EECommonSearchBean&no=S000E6TF&amp;lgKbn=2&/E01EW/download?1463339285808
131,2012-06-30,734684,E01794,sellinggeneralandadministrativeexpenses,23406000000,Prior1YTDConsolidatedDuration,Duration,2012-04-01:2012-06-30,1,https://disclosure.edinet-fsa.go.jp/E01EW/download?uji.verb=W0EZA104CXP001006BLogic&uji.bean=ee.bean.parent.EECommonSearchBean&no=S000E6TF&amp;lgKbn=2&/E01EW/download?1463339285808
132,2013-06-30,735049,E01794,sellinggeneralandadministrativeexpenses,23780000000,CurrentYTDConsolidatedDuration,Duration,2013-04-01:2013-06-30,1,https://disclosure.edinet-fsa.go.jp/E01EW/download?uji.verb=W0EZA104CXP001006BLogic&uji.bean=ee.bean.parent.EECommonSearchBean&no=S000E6TF&amp;lgKbn=2&/E01EW/download?1463339285808
133,2012-06-30,734684,E01794,operatingincome,599000000,Prior1YTDConsolidatedDuration,Duration,2012-04-01:2012-06-30,1,https://disclosure.edinet-fsa.go.jp/E01EW/download?uji.verb=W0EZA104CXP001006BLogic&uji.bean=ee.bean.parent.EECommonSearchBean&no=S000E6TF&amp;lgKbn=2&/E01EW/download?1463339285808
134,2012-06-30,734684,E01794,interestincomenoi,43000000,Prior1YTDConsolidatedDuration,Duration,2012-04-01:2012-06-30,1,https://disclosure.edinet-fsa.go.jp/E01EW/download?uji.verb=W0EZA104CXP001006BLogic&uji.bean=ee.bean.parent.EECommonSearchBean&no=S000E6TF&amp;lgKbn=2&/E01EW/download?1463339285808
135,2013-06-30,735049,E01794,interestincomenoi,31000000,CurrentYTDConsolidatedDuration,Duration,2013-04-01:2013-06-30,1,https://disclosure.edinet-fsa.go.jp/E01EW/download?uji.verb=W0EZA104CXP001006BLogic&uji.bean=ee.bean.parent.EECommonSearchBean&no=S000E6TF&amp;lgKbn=2&/E01EW/download?1463339285808
136,2012-06-30,734684,E01794,dividendsincomenoi,62000000,Prior1YTDConsolidatedDuration,Duration,2012-04-01:2012-06-30,1,https://disclosure.edinet-fsa.go.jp/E01EW/download?uji.verb=W0EZA104CXP001006BLogic&uji.bean=ee.bean.parent.EECommonSearchBean&no=S000E6TF&amp;lgKbn=2&/E01EW/download?1463339285808
137,2013-06-30,735049,E01794,dividendsincomenoi,18000000,CurrentYTDConsolidatedDuration,Duration,2013-04-01:2013-06-30,1,https://disclosure.edinet-fsa.go.jp/E01EW/download?uji.verb=W0EZA104CXP001006BLogic&uji.bean=ee.bean.parent.EECommonSearchBean&no=S000E6TF&amp;lgKbn=2&/E01EW/download?1463339285808
138,2013-06-30,735049,E01794,equityinearningsofaffiliatesnoi,48000000,CurrentYTDConsolidatedDuration,Duration,2013-04-01:2013-06-30,1,https://disclosure.edinet-fsa.go.jp/E01EW/download?uji.verb=W0EZA104CXP001006BLogic&uji.bean=ee.bean.parent.EECommonSearchBean&no=S000E6TF&amp;lgKbn=2&/E01EW/download?1463339285808
139,2012-06-30,734684,E01794,othernoi,125000000,Prior1YTDConsolidatedDuration,Duration,2012-04-01:2012-06-30,1,https://disclosure.edinet-fsa.go.jp/E01EW/download?uji.verb=W0EZA104CXP001006BLogic&uji.bean=ee.bean.parent.EECommonSearchBean&no=S000E6TF&amp;lgKbn=2&/E01EW/download?1463339285808
140,2013-06-30,735049,E01794,othernoi,63000000,CurrentYTDConsolidatedDuration,Duration,2013-04-01:2013-06-30,1,https://disclosure.edinet-fsa.go.jp/E01EW/download?uji.verb=W0EZA104CXP001006BLogic&uji.bean=ee.bean.parent.EECommonSearchBean&no=S000E6TF&amp;lgKbn=2&/E01EW/download?1463339285808
141,2012-06-30,734684,E01794,nonoperatingincome,230000000,Prior1YTDConsolidatedDuration,Duration,2012-04-01:2012-06-30,1,https://disclosure.edinet-fsa.go.jp/E01EW/download?uji.verb=W0EZA104CXP001006BLogic&uji.bean=ee.bean.parent.EECommonSearchBean&no=S000E6TF&amp;lgKbn=2&/E01EW/download?1463339285808
142,2013-06-30,735049,E01794,nonoperatingincome,160000000,CurrentYTDConsolidatedDuration,Duration,2013-04-01:2013-06-30,1,https://disclosure.edinet-fsa.go.jp/E01EW/download?uji.verb=W0EZA104CXP001006BLogic&uji.bean=ee.bean.parent.EECommonSearchBean&no=S000E6TF&amp;lgKbn=2&/E01EW/download?1463339285808
143,2012-06-30,734684,E01794,interestexpensesnoe,634000000,Prior1YTDConsolidatedDuration,Duration,2012-04-01:2012-06-30,1,https://disclosure.edinet-fsa.go.jp/E01EW/download?uji.verb=W0EZA104CXP001006BLogic&uji.bean=ee.bean.parent.EECommonSearchBean&no=S000E6TF&amp;lgKbn=2&/E01EW/download?1463339285808
144,2013-06-30,735049,E01794,interestexpensesnoe,669000000,CurrentYTDConsolidatedDuration,Duration,2013-04-01:2013-06-30,1,https://disclosure.edinet-fsa.go.jp/E01EW/download?uji.verb=W0EZA104CXP001006BLogic&uji.bean=ee.bean.parent.EECommonSearchBean&no=S000E6TF&amp;lgKbn=2&/E01EW/download?1463339285808
145,2012-06-30,734684,E01794,equityinlossesofaffiliatesnoe,254000000,Prior1YTDConsolidatedDuration,Duration,2012-04-01:2012-06-30,1,https://disclosure.edinet-fsa.go.jp/E01EW/download?uji.verb=W0EZA104CXP001006BLogic&uji.bean=ee.bean.parent.EECommonSearchBean&no=S000E6TF&amp;lgKbn=2&/E01EW/download?1463339285808
146,2012-06-30,734684,E01794,foreignexchangelossesnoe,552000000,Prior1YTDConsolidatedDuration,Duration,2012-04-01:2012-06-30,1,https://disclosure.edinet-fsa.go.jp/E01EW/download?uji.verb=W0EZA104CXP001006BLogic&uji.bean=ee.bean.parent.EECommonSearchBean&no=S000E6TF&amp;lgKbn=2&/E01EW/download?1463339285808
147,2013-06-30,735049,E01794,foreignexchangelossesnoe,706000000,CurrentYTDConsolidatedDuration,Duration,2013-04-01:2013-06-30,1,https://disclosure.edinet-fsa.go.jp/E01EW/download?uji.verb=W0EZA104CXP001006BLogic&uji.bean=ee.bean.parent.EECommonSearchBean&no=S000E6TF&amp;lgKbn=2&/E01EW/download?1463339285808
148,2012-06-30,734684,E01794,othernoe,365000000,Prior1YTDConsolidatedDuration,Duration,2012-04-01:2012-06-30,1,https://disclosure.edinet-fsa.go.jp/E01EW/download?uji.verb=W0EZA104CXP001006BLogic&uji.bean=ee.bean.parent.EECommonSearchBean&no=S000E6TF&amp;lgKbn=2&/E01EW/download?1463339285808
149,2013-06-30,735049,E01794,othernoe,368000000,CurrentYTDConsolidatedDuration,Duration,2013-04-01:2013-06-30,1,https://disclosure.edinet-fsa.go.jp/E01EW/download?uji.verb=W0EZA104CXP001006BLogic&uji.bean=ee.bean.parent.EECommonSearchBean&no=S000E6TF&amp;lgKbn=2&/E01EW/download?1463339285808
150,2012-06-30,734684,E01794,nonoperatingexpenses,1805000000,Prior1YTDConsolidatedDuration,Duration,2012-04-01:2012-06-30,1,https://disclosure.edinet-fsa.go.jp/E01EW/download?uji.verb=W0EZA104CXP001006BLogic&uji.bean=ee.bean.parent.EECommonSearchBean&no=S000E6TF&amp;lgKbn=2&/E01EW/download?1463339285808
151,2013-06-30,735049,E01794,nonoperatingexpenses,1743000000,CurrentYTDConsolidatedDuration,Duration,2013-04-01:2013-06-30,1,https://disclosure.edinet-fsa.go.jp/E01EW/download?uji.verb=W0EZA104CXP001006BLogic&uji.bean=ee.bean.parent.EECommonSearchBean&no=S000E6TF&amp;lgKbn=2&/E01EW/download?1463339285808
152,2012-06-30,734684,E01794,gainonsalesofnoncurrentassetsei,72000000,Prior1YTDConsolidatedDuration,Duration,2012-04-01:2012-06-30,1,https://disclosure.edinet-fsa.go.jp/E01EW/download?uji.verb=W0EZA104CXP001006BLogic&uji.bean=ee.bean.parent.EECommonSearchBean&no=S000E6TF&amp;lgKbn=2&/E01EW/download?1463339285808
153,2013-06-30,735049,E01794,gainonsalesofnoncurrentassetsei,98000000,CurrentYTDConsolidatedDuration,Duration,2013-04-01:2013-06-30,1,https://disclosure.edinet-fsa.go.jp/E01EW/download?uji.verb=W0EZA104CXP001006BLogic&uji.bean=ee.bean.parent.EECommonSearchBean&no=S000E6TF&amp;lgKbn=2&/E01EW/download?1463339285808
154,2012-06-30,734684,E01794,insuranceincomefordisasterei,35000000,Prior1YTDConsolidatedDuration,Duration,2012-04-01:2012-06-30,1,https://disclosure.edinet-fsa.go.jp/E01EW/download?uji.verb=W0EZA104CXP001006BLogic&uji.bean=ee.bean.parent.EECommonSearchBean&no=S000E6TF&amp;lgKbn=2&/E01EW/download?1463339285808
155,2012-06-30,734684,E01794,extraordinaryincome,107000000,Prior1YTDConsolidatedDuration,Duration,2012-04-01:2012-06-30,1,https://disclosure.edinet-fsa.go.jp/E01EW/download?uji.verb=W0EZA104CXP001006BLogic&uji.bean=ee.bean.parent.EECommonSearchBean&no=S000E6TF&amp;lgKbn=2&/E01EW/download?1463339285808
156,2013-06-30,735049,E01794,extraordinaryincome,98000000,CurrentYTDConsolidatedDuration,Duration,2013-04-01:2013-06-30,1,https://disclosure.edinet-fsa.go.jp/E01EW/download?uji.verb=W0EZA104CXP001006BLogic&uji.bean=ee.bean.parent.EECommonSearchBean&no=S000E6TF&amp;lgKbn=2&/E01EW/download?1463339285808
157,2013-06-30,735049,E01794,businessstructureimprovementexpensesel,305000000,CurrentYTDConsolidatedDuration,Duration,2013-04-01:2013-06-30,1,https://disclosure.edinet-fsa.go.jp/E01EW/download?uji.verb=W0EZA104CXP001006BLogic&uji.bean=ee.bean.parent.EECommonSearchBean&no=S000E6TF&amp;lgKbn=2&/E01EW/download?1463339285808
158,2012-06-30,734684,E01794,lossonsalesandretirementofnoncurrentassetsel,20000000,Prior1YTDConsolidatedDuration,Duration,2012-04-01:2012-06-30,1,https://disclosure.edinet-fsa.go.jp/E01EW/download?uji.verb=W0EZA104CXP001006BLogic&uji.bean=ee.bean.parent.EECommonSearchBean&no=S000E6TF&amp;lgKbn=2&/E01EW/download?1463339285808
159,2013-06-30,735049,E01794,lossonsalesandretirementofnoncurrentassetsel,29000000,CurrentYTDConsolidatedDuration,Duration,2013-04-01:2013-06-30,1,https://disclosure.edinet-fsa.go.jp/E01EW/download?uji.verb=W0EZA104CXP001006BLogic&uji.bean=ee.bean.parent.EECommonSearchBean&no=S000E6TF&amp;lgKbn=2&/E01EW/download?1463339285808
160,2012-06-30,734684,E01794,impairmentlossel,45000000,Prior1YTDConsolidatedDuration,Duration,2012-04-01:2012-06-30,1,https://disclosure.edinet-fsa.go.jp/E01EW/download?uji.verb=W0EZA104CXP001006BLogic&uji.bean=ee.bean.parent.EECommonSearchBean&no=S000E6TF&amp;lgKbn=2&/E01EW/download?1463339285808
161,2012-06-30,734684,E01794,lossondisaterel,490000000,Prior1YTDConsolidatedDuration,Duration,2012-04-01:2012-06-30,1,https://disclosure.edinet-fsa.go.jp/E01EW/download?uji.verb=W0EZA104CXP001006BLogic&uji.bean=ee.bean.parent.EECommonSearchBean&no=S000E6TF&amp;lgKbn=2&/E01EW/download?1463339285808
162,2013-06-30,735049,E01794,otherel,4000000,CurrentYTDConsolidatedDuration,Duration,2013-04-01:2013-06-30,1,https://disclosure.edinet-fsa.go.jp/E01EW/download?uji.verb=W0EZA104CXP001006BLogic&uji.bean=ee.bean.parent.EECommonSearchBean&no=S000E6TF&amp;lgKbn=2&/E01EW/download?1463339285808
163,2012-06-30,734684,E01794,extraordinaryloss,555000000,Prior1YTDConsolidatedDuration,Duration,2012-04-01:2012-06-30,1,https://disclosure.edinet-fsa.go.jp/E01EW/download?uji.verb=W0EZA104CXP001006BLogic&uji.bean=ee.bean.parent.EECommonSearchBean&no=S000E6TF&amp;lgKbn=2&/E01EW/download?1463339285808
164,2013-06-30,735049,E01794,extraordinaryloss,338000000,CurrentYTDConsolidatedDuration,Duration,2013-04-01:2013-06-30,1,https://disclosure.edinet-fsa.go.jp/E01EW/download?uji.verb=W0EZA104CXP001006BLogic&uji.bean=ee.bean.parent.EECommonSearchBean&no=S000E6TF&amp;lgKbn=2&/E01EW/download?1463339285808
165,2012-06-30,734684,E01794,incometaxescurrent,1351000000,Prior1YTDConsolidatedDuration,Duration,2012-04-01:2012-06-30,1,https://disclosure.edinet-fsa.go.jp/E01EW/download?uji.verb=W0EZA104CXP001006BLogic&uji.bean=ee.bean.parent.EECommonSearchBean&no=S000E6TF&amp;lgKbn=2&/E01EW/download?1463339285808
166,2013-06-30,735049,E01794,incometaxescurrent,930000000,CurrentYTDConsolidatedDuration,Duration,2013-04-01:2013-06-30,1,https://disclosure.edinet-fsa.go.jp/E01EW/download?uji.verb=W0EZA104CXP001006BLogic&uji.bean=ee.bean.parent.EECommonSearchBean&no=S000E6TF&amp;lgKbn=2&/E01EW/download?1463339285808
167,2012-06-30,734684,E01794,incometaxesdeferred,32000000,Prior1YTDConsolidatedDuration,Duration,2012-04-01:2012-06-30,1,https://disclosure.edinet-fsa.go.jp/E01EW/download?uji.verb=W0EZA104CXP001006BLogic&uji.bean=ee.bean.parent.EECommonSearchBean&no=S000E6TF&amp;lgKbn=2&/E01EW/download?1463339285808
168,2012-06-30,734684,E01794,incometaxes,1383000000,Prior1YTDConsolidatedDuration,Duration,2012-04-01:2012-06-30,1,https://disclosure.edinet-fsa.go.jp/E01EW/download?uji.verb=W0EZA104CXP001006BLogic&uji.bean=ee.bean.parent.EECommonSearchBean&no=S000E6TF&amp;lgKbn=2&/E01EW/download?1463339285808
169,2013-06-30,735049,E01794,incometaxes,845000000,CurrentYTDConsolidatedDuration,Duration,2013-04-01:2013-06-30,1,https://disclosure.edinet-fsa.go.jp/E01EW/download?uji.verb=W0EZA104CXP001006BLogic&uji.bean=ee.bean.parent.EECommonSearchBean&no=S000E6TF&amp;lgKbn=2&/E01EW/download?1463339285808
